NAME,EBIT(t-1),PB(t-1),QR(t-1),DA(t-1),TATO(t-1),ROS(t-1),OCFTD(t-1),EBIT(t-2),PB(t-2),QR(t-2),DA(t-2),TATO(t-2),ROS(t-2),OCFTD(t-2)
AAA,356.04,0.42,1.2,42.79,1.47,0.74,1.76,549.53,1.21,1.33,45.51,1.41,2.47,9.74
AAM,17.88,0.57,9.96,4.14,1.01,7.97,-43.91,0.33,0.68,14.11,3.36,0.65,0.17,670.2
AAT,131.64,0.43,3.18,30,0.95,9.39,-74,46.87,1.72,2.81,31.52,0.61,6.09,15.64
ABR,38.55,0.61,2.37,23.38,0.3,28.21,55.57,23.47,1.95,4.48,18.16,0.31,21.2,23.36
ABS,39.07,0.61,1.4,34.06,0.86,1.7,-2.99,115.35,2.37,1.89,41.84,0.87,5.45,-84.44
ABT,73.19,0.61,1.3,24.36,1.01,10.43,88.26,38.44,0.98,0.69,29.56,0.6,9.89,-1.09
ACC,127.34,0.61,1.28,42.07,0.39,12.85,-49.7,69.67,2.16,0.61,59.59,0.34,10.91,-65.31
ACL,168.39,0.61,0.43,44.35,0.79,10.11,7.89,79.86,1.28,0.41,51.55,0.78,3.47,48.13
ADG,74.67,0.61,3.02,20.75,1.25,9.81,17.83,54.49,3.89,2.05,40.07,1.31,6.61,41.58
ADS,130.59,0.61,0.9,69.88,0.81,4.43,9.17,149.43,2.37,0.8,70.59,0.79,6.64,8.93
AGG,378.49,0.61,0.83,75.44,0.52,1.56,35.07,618,1.61,0.72,78.71,0.16,23.29,8.82
AGM,-65.21,0.61,1.15,76.64,1.97,-4.03,18.27,78.59,1.36,1.06,74,3,1.14,-47.78
AMD,-125.36,0.61,2.67,21.56,0.2,-30.93,15,45.67,0.68,2.62,23.88,0.58,0.72,-4.73
ANV,878.86,0.61,0.36,47.29,0.95,13.76,11.95,254.4,1.81,0.49,52.21,0.72,3.68,9.82
APC,17,0.61,2.77,35.7,0.14,-6.64,11.21,18.97,0.8,5.08,36.46,0.13,-1.24,-8.67
APH,436.4,0.61,1.17,50.12,1.39,0.33,3.77,581.49,1.22,1.28,51.79,1.3,1.61,6.65
ASG,261.29,0.61,2.85,39.8,0.77,7.49,17.05,103.62,1.62,1.49,35.47,0.35,4.84,9.32
ASM,1541.3,0.61,0.82,58.97,0.74,7.01,-2.34,1231.84,0.78,0.98,58.3,0.64,6.18,10.27
ASP,57.6,0.61,0.74,76.21,1.99,0.34,-8.9,51,1.05,0.7,75.76,1.77,0.75,19.17
AST,42.31,0.61,2.57,21.32,1.12,5.6,74.44,-125.97,5.76,2.9,17.92,0.27,-83.41,-92.92
BAF,380.43,0.61,0.79,64.39,1.36,4.16,-6.45,398.72,2.2,0.84,73.34,1.95,3.08,5.18
BBC,140.39,0.61,0.12,44.98,1.52,2.18,10.02,33.19,0.99,0.95,40.14,0.69,2.05,76.74
BCE,-49.5,0.61,1.45,48.7,0.15,-52.82,10.83,31.2,1.64,1.47,51.43,0.13,19.9,-0.29
BCG,2155.5,0.61,1.34,68.64,0.11,12.06,-9.1,2278,0.85,1.31,77.85,0.08,38.63,-30.72
BCM,2753.88,0.61,0.37,63.24,0.13,26.49,2.37,2512.44,3.86,0.44,64.98,0.14,20.85,1.08
BFC,332.36,0.61,0.4,68.49,2.11,2.15,-4.19,429.68,1.37,0.21,64.66,2.24,3.83,-10.43
BHN,664.06,0.61,2.28,26.56,1.17,6.27,53.35,424.64,2.9,1.8,31.79,0.94,4.66,32.13
BKG,34.43,0.61,13.64,5.67,0.56,6.88,-400.56,31.3,1.04,4.22,13.45,0.8,6.4,58.77
BMC,26.53,0.61,6.07,8.98,0.76,11.66,271.48,20.76,1.52,2.77,14.54,0.58,12.69,226.45
BMP,872.55,0.61,4.13,13.7,1.98,11.99,213.34,268.24,2.14,2.66,19.19,1.55,4.71,-5.64
BRC,25.68,0.61,1.23,31.99,1.09,5.51,16.9,28.85,0.97,1.22,32.06,1.15,6.23,14.24
BTP,84.59,0.61,4.25,22.28,0.29,13.78,0.39,157.6,0.84,2.27,33.21,0.67,10.49,-15.57
BTT,22.71,0.61,3.86,22.39,0.35,10.88,36.49,5.91,1.68,4.06,22.69,0.22,4.73,-1.31
BWE,1008.66,0.61,1.04,54.56,0.37,21.43,23.91,1018.38,2.11,1.01,56.74,0.36,24.21,17.33
C32,46.3,0.61,1.29,41.69,0.58,4.6,-22.61,101.91,0.86,1.34,39.99,0.53,14.59,-3.44
C47,70.49,0.61,0.56,77.08,0.46,1.98,-4.42,106.63,1.55,0.47,78.05,0.55,4.9,8.67
CAV,599.76,0.61,0.34,61.11,2,3.39,42.76,526.82,1.9,0.26,72.94,1.71,3.2,-12.45
CCI,30.71,0.61,15.42,66,0.65,5.25,27.71,40.74,1.57,15.48,59.36,0.43,10.89,11.85
CCL,99.52,0.61,1.69,52.98,0.4,10.87,-15.79,125.23,1.4,1.59,50.93,0.84,8.01,6.43
CDC,53.89,0.61,1.14,80.5,0.91,1.76,-11.36,48.81,1.25,0.96,75.83,0.73,3.99,-21.12
CHP,633.33,0.61,1.34,38.73,0.34,46.37,54.54,370.39,1.76,1.19,42.12,0.23,30.74,22.55
CIG,13.67,0.61,0.46,78.64,0.11,-0.49,20.89,17.27,2.52,0.4,75.79,0.04,55.94,-1.34
CII,2177.35,0.61,0.59,70.87,0.19,15.57,6.47,1027.99,1.32,0.65,72.86,0.09,-8.46,-3.92
CKG,238.09,0.61,0.6,77,0.3,11.77,0.06,223.52,3.19,0.54,79.36,0.24,13.84,1.47
CLC,183.79,0.61,0.58,39.24,1.89,6.09,-17.43,171.59,1.25,0.99,26.3,2.18,6.32,-5.16
CLL,112.33,0.61,7.13,7.62,0.38,34.37,224.68,98.51,1.76,11.1,4.46,0.38,32.11,341.4
CLW,42.67,0.61,1.28,51.7,2.6,2.4,31.06,38.02,1.72,1.14,50.74,2.43,2.4,13.03
CMG,418.28,0.61,1.23,55.57,0.89,5.25,17.61,452.22,2.25,1.25,56.87,1.13,5.24,9.57
CMV,39.64,0.61,0.67,48.74,9.41,0.53,8.83,45.51,1.04,0.56,46.88,7.16,0.74,44.86
CMX,173.51,0.61,0.8,52.02,1.09,3.28,37.02,145.32,1.34,0.97,46.47,1.07,3.99,-31.76
CNG,157.92,0.61,1.52,55.44,3.49,2.81,26.67,108.02,1.56,1.35,53.52,2.8,2.69,21.44
COM,0.98,0.61,1.77,17.36,9.08,0.03,24.51,49.92,1.26,2.61,11.74,5.15,1.51,46.89
CRC,43.45,0.61,1.36,41.92,0.65,6.34,5.65,33.59,0.98,1.05,45.57,0.58,6.09,-40.16
CRE,395.82,0.61,3.04,26.7,0.5,5.69,-114.48,724.88,2.4,1.91,45.17,1.11,8.05,-13.28
CSM,216.46,0.61,0.41,69.04,1.27,1.49,1.45,164.47,1.56,0.43,69.73,1.21,0.87,-9.37
CSV,513.66,0.61,2.99,16.85,1.33,19.39,85.67,277.97,1.62,2,20.34,1.14,13.83,47.91
CTD,114,0.61,1.43,56.69,0.88,0.14,-15.13,39.26,0.98,1.95,40.77,0.65,0.27,7.42
CTF,210.21,0.61,0.85,63.4,2.94,1.86,-33.91,112.52,1.8,0.99,53.93,2.7,1.15,-15.83
CTI,313.81,0.61,0.45,70.03,0.2,11.58,2.81,187.53,1.18,0.66,73.61,0.16,-1.74,7.37
CTR,581.93,0.61,1,73.2,1.87,4.74,1.72,478,6.21,0.98,66.9,1.9,5.04,22.18
CVT,285.73,0.61,1.27,74.07,0.7,4.89,-16.87,169.31,2.16,1.24,67.97,0.76,6.53,12.25
D2D,21.34,0.61,4.86,39.6,0.08,13.12,-13.91,303.37,1.65,8.15,38.58,0.25,51.39,-53.89
DAG,81.69,0.61,0.38,68.47,1.07,0.33,-2.94,75.26,1.34,0.52,66.49,1.04,0.3,-1.17
DAH,74.1,0.61,9.12,21.48,0.02,212,1,66.17,1.17,3.42,23.41,0.79,5.06,-40.07
DAT,142.62,0.61,1.28,56.28,1.77,2.67,2.65,92.43,1.64,1.2,57.97,1.38,1.53,10.16
DBC,439.75,0.61,0.28,61.79,1.05,1.22,4.39,1161.97,1.8,0.28,56.86,1.03,7.67,9.49
DBD,300.73,0.61,1.98,28.52,0.9,15.69,25.88,233.77,2.64,2.42,26.87,1.04,12.13,28.06
DBT,74.45,0.61,0.38,73.31,0.93,5.07,-3.03,41.06,1.13,0.37,74.64,0.73,2.08,-6.4
DC4,8.82,0.61,0.63,48.39,0.25,0.02,-35.44,58.86,1.37,1.57,38.68,0.77,6.91,-39.67
DCL,177.82,0.61,2,33.9,0.52,11.12,-22.12,141.79,2.29,1.46,42.64,0.39,12.47,5.01
DCM,4606.59,0.61,3.25,25.14,1.26,27.13,160.94,1974.85,2.6,1.59,32.46,1,18.5,71.47
DGC,6393.35,0.61,3.88,19.18,1.32,41.8,230.86,2650.78,4.32,2.11,25.68,1.33,26.32,119.7
DGW,961.53,0.61,0.65,61.87,3.42,3.1,-29.91,851.73,6.15,0.71,72.78,4.35,3.13,3.13
DHA,65.28,0.61,8.57,9.98,0.76,13.49,-0.2,112.23,1.76,6.89,11.79,0.67,26.75,220.81
DHC,454.41,0.61,0.91,39.23,1.49,9.59,31.05,527.33,3.67,1.21,29.32,1.78,11.56,45.06
DHG,1112.17,0.61,3.66,16.96,0.96,21.14,102.81,876.08,3.9,3.5,17.86,0.88,19.39,54.87
DHM,9.49,0.61,1.21,36.01,2.66,0.08,-30.68,75.78,1.09,1.07,35.61,2.65,4.85,9.56
DIG,442.64,0.61,1.26,47.45,0.12,7.56,-36.18,1377.61,6.3,1.58,54.46,0.18,38.54,-21.43
DLG,-516.16,0.61,0.65,76.13,0.21,-65.73,2.8,400.27,1.21,0.72,67.2,0.2,0.76,5.3
DMC,250.2,0.61,3.46,19.79,0.93,12.56,76.01,187.45,1.33,4.2,15.77,0.97,10.63,63.5
DPG,765.17,0.61,0.99,64.05,0.55,15.64,8.46,685.22,2.65,0.85,70.06,0.47,17.64,17.59
DPM,6670.37,0.61,3.24,20.8,1.18,29.98,134.77,3868.74,1.83,3.13,23.03,1.01,24.8,78.51
DPR,250.87,0.61,3.98,8.11,0.24,27.09,53.24,582.33,1.14,3.02,31.99,0.31,38.84,54.82
DQC,25.49,0.61,1.06,37.11,0.68,1.5,-14.67,28.89,0.95,1.31,33.03,0.52,3.1,-7.73
DRC,405.23,0.61,0.5,44.12,1.49,6.27,1.88,373.36,2.19,0.5,43.43,1.57,6.64,-4.98
DRH,86.96,0.61,0.64,57.92,0.02,1.65,-25.19,69.07,1.98,0.45,68.49,0.03,17.67,-0.14
DRL,77.53,0.61,5.28,13,0.85,54.64,364.44,62.91,5.07,7.63,9.16,0.68,58.83,433.02
DSN,135.75,0.61,8.23,11.48,0.96,46.4,315.2,28.97,3.35,10.69,8.84,0.12,96.04,81.64
DTA,-14.01,0.61,0.23,72.98,0.18,6.65,-7.14,17.2,2.16,0.61,71,0.18,9.16,2.14
DTL,-70.7,0.61,0.39,60.16,0.76,-7.83,-54.42,93.63,2.56,0.22,43.61,0.64,4.07,59.98
DTT,12.78,0.61,1.53,22.47,1.17,4.89,51.52,6.01,1.16,1.35,20.24,0.98,2.21,13.52
DVP,345.06,0.61,10.51,7.68,0.39,48.45,162.13,339.3,1.76,9.18,8.43,0.42,45.54,185.54
DXG,1229.58,0.61,1.06,54.44,0.19,8.4,-23.12,2983.99,1.56,1.06,52.64,0.39,15.81,8.24
DXS,789.14,0.61,1.57,49.79,0.26,13.06,-28.92,1277.11,1.72,1.74,48.75,0.33,20.18,-11.85
DXV,0.2,0.61,3.73,19.27,1.67,0.09,-9.92,2.13,0.75,4.68,14.65,1.48,0.2,-37.97
ELC,47.06,0.63,3.11,20.39,0.75,4.31,-43.72,62.47,1.51,2.76,24.18,0.5,7.63,-35.16
EMC,13.74,1.19,0.55,76.17,1.07,0.07,11.4,10.65,1.62,0.6,77.96,1.04,0.43,-22.53
EVE,123.55,0.58,2.22,29.42,0.75,9.03,12.2,95.85,0.7,2.28,24.02,0.66,6.9,-17.25
EVG,34.39,0.27,5.71,8.06,0.53,2.12,-83.74,29.99,1.48,3.34,22.87,0.63,2.46,-73.22
FCM,35.74,0.28,2.25,31.07,0.72,3.6,17.03,25.53,0.96,2.13,29.92,0.74,2.23,22.28
FCN,290.26,0.43,1.14,54.23,0.4,1.69,-5.1,255.49,1.18,1.01,60.92,0.49,2.03,-2.42
FDC,-197.6,1.78,0.36,27.48,0.02,-1147.66,42.69,22.98,0.99,3.55,20.15,0.21,5.09,5.96
FIR,165.93,2.92,1.73,44.56,0.4,29.8,-50.38,52.29,2.68,1.9,36.03,0.33,20.18,-20.49
FIT,173.95,0.21,4.42,16.42,0.3,3.69,-42.89,322.12,0.92,2.87,21.46,0.22,18.96,-0.68
FMC,345.67,1,1.1,29.2,2,5.63,49.87,303.42,1.72,1.7,26.78,2.36,5.52,24.67
FPT,8308.01,3.33,1.18,50.91,0.84,14.75,19.22,6821.2,3.94,1.13,60.11,0.75,15,18.09
FRT,717.15,3.99,0.34,80.53,2.83,1.32,-17.79,686.37,4.71,0.58,84.43,2.78,1.97,-16.19
GAB,0.94,18.21,1.84,33.23,0.69,-1.46,65.52,6.01,16.6,1.33,43.7,1.64,0.44,-40.35
GAS,19143.14,3.18,4.13,26,1.25,14.96,59.53,11509.14,3.53,2.91,33.74,1.11,11.21,28.58
GDT,88.7,2.32,1.84,27.5,1.02,17.33,0.91,77.29,4.22,1.21,30.34,0.87,17.95,29.72
GEG,993.67,0.91,0.95,67.11,0.14,17.7,-1.67,752.5,1.91,1.33,70.03,0.14,23.56,29.11
GEX,3443.77,0.5,0.62,59.83,0.57,4.77,25.26,3182.03,1.69,0.8,66.5,0.65,5.83,-6.18
GIL,480.16,0.5,1.68,37.03,0.82,11.41,-6.77,449.57,1.72,1.15,57.24,1.28,7.97,5.31
GMC,-70.93,0.7,4.56,14.96,0.42,-22.53,57.44,58.55,1.25,5.13,15.08,1.04,4.09,118.03
GMD,1439.03,1.72,0.78,39.78,0.33,29.55,44.46,925.47,2.02,0.72,34.35,0.31,22.47,26.17
GSP,128.43,0.7,1.46,50.75,1.32,4.4,24.07,79.55,1.34,1.58,49.37,1.5,3.44,6.19
GTA,24.1,0.73,1.32,56.74,1.16,2.1,9.65,30.7,1.03,1.15,64.22,1.05,3.07,-11.16
GVR,6238.5,1.04,1.89,31.85,0.32,18.95,8.16,6820.77,2.85,1.78,34.26,0.33,20.39,14.48
HAG,1870.39,1.62,0.79,73.73,0.26,23.23,-1.4,841.27,2.64,0.98,74.66,0.08,6.08,-4.65
HAH,1329.58,0.79,1.83,42.83,0.77,32.47,59.87,694.45,1.74,2,41.16,0.73,28.16,59.39
HAI,55.47,0.16,2.67,28.74,0.08,11.56,-2.57,28.18,0.69,3.66,21.58,0.22,1.12,5.84
HAP,23.28,0.37,9.4,5.72,0.58,1.08,-373.56,54.42,1.2,4.76,9.62,0.62,8.37,-20.47
HAR,-26.02,0.32,2.99,7.97,0.1,-37.08,222.3,58.76,1.27,2.68,14.7,0.03,83.32,-3.45
HAS,2.84,0.4,2.14,35.98,0.69,0.28,35.23,7.17,0.66,2.83,30.13,0.98,1.49,-14.58
HAX,329.28,0.96,0.37,62.43,3.51,3.54,-41.3,219.52,2.04,0.63,44.41,4.42,2.88,59.22
HBC,-581.89,0.96,1.01,84.38,0.84,-8.08,-5.91,447.6,1.81,1.07,75.53,0.71,0.85,4.5
HCD,58.33,0.4,0.7,45,1.14,5.4,-5.98,59.68,0.99,1.48,32.3,1.44,6.44,3.05
HCM,1818.53,1.16,0,48.91,0.2,21.85,89.1,2177.53,2.84,0,69.94,0.24,25.72,-18.02
HDC,622.62,1.68,0.74,57.85,0.32,32.4,3.37,432.48,5.54,0.55,60.71,0.38,23.02,-13.48
HDG,2133.27,1.14,0.77,56.17,0.23,37.83,12.45,2029.82,2.42,0.64,66.08,0.25,35.57,10.06
HHP,70.72,0.58,1.08,55.44,1.12,4.33,19.05,60.27,1.04,1.26,44.93,1.32,4.64,-2.38
HHS,237.34,0.28,2.59,7.27,0.09,58.3,-51.19,248.9,0.91,1.93,7.58,0.13,45.78,-25.27
HHV,996.99,0.57,0.38,76.45,0.06,15.04,1.34,883.98,1.63,0.42,77.4,0.06,15.61,0.62
HID,8.83,0.24,3.25,40.37,0.11,-7.85,-17.72,40.85,1,1.99,47.97,0.18,4.35,6.64
HII,-87.22,0.34,0.83,62.96,4.62,-1.33,-11.1,156.14,1.21,0.93,70.8,4.4,1.25,-5.47
HMC,23.26,0.7,0.58,66.59,2.84,0.09,-18.79,188.72,1.11,0.43,61.62,3.56,3.71,2.26
HNG,-3247.82,1.51,0.2,76,0.06,-480.69,-5.13,-995.07,2.26,0.27,57.22,0.06,-93.37,-19.78
HOT,-16.6,5.57,0.22,38.71,0.58,-41.07,-52.28,-20.97,5.06,0.73,25.04,0.32,-79.73,-42.45
HPG,13006.58,1.09,0.74,43.57,0.81,5.97,16.54,39582.6,2.29,0.71,49.07,0.97,23.06,30.55
HPX,558.04,0.38,0.74,60.69,0.17,8.71,20.91,634.7,2.87,0.83,63.18,0.17,20.17,-49.26
HQC,41.77,0.29,1.11,39.77,0.03,6.55,3.2,41.22,0.97,0.77,53.46,0.03,1.49,45.58
HRC,24.12,3.03,0.19,32.38,0.22,5.67,2.44,37.73,2.91,0.28,35,0.19,11.94,-78.09
HSG,641.37,0.63,0.41,36.07,2.28,0.51,46.31,5270.53,1.7,0.44,59.31,2.2,8.85,9.48
HSL,17.84,0.36,5.82,12.19,1.14,3.31,105.15,17.93,0.64,2.37,19.98,1.04,5.32,-3.14
HT1,400.7,0.77,0.31,45.52,0.98,2.89,13.73,561.72,1.65,0.24,41.26,0.75,5.23,20.23
HTI,147.07,0.9,0.26,70.41,0.28,13.06,17.84,133.56,1.04,0.21,70.29,0.21,10.84,7.89
HTL,50.45,0.82,0.61,34.22,3.01,3.8,-38.29,36.18,1.32,0.88,40.39,2.6,2.98,19.03
HTN,354.43,0.73,0.9,83.54,0.65,1.61,-13.38,476.04,2.64,0.98,80.22,0.93,3.91,-3.54
HTV,22.24,0.43,3.78,22.95,0.82,5.04,18.29,21.72,0.58,3.9,21.13,0.71,5.89,54.01
HU1,11.72,0.53,0.92,79.1,0.69,0.95,19.65,10.77,0.93,1.01,77.56,1,-0.48,5.92
HU3,-5.63,0.44,1.26,48.24,0.68,-4.79,18.93,2.44,0.65,0.98,57.17,0.51,0.43,-18.97
HUB,81.84,0.67,1.53,36.39,0.52,15.71,20.08,74.6,1.36,1.19,39.11,0.57,14.18,31.08
HVH,29.67,0.37,1.3,29.91,0.63,5.06,20.82,15.34,1.03,1.24,35.87,0.52,3.72,-30.66
HVN,-8927.93,-3.02,0.18,116.84,1.14,-14.69,9.72,-12158.27,97.79,0.22,99.17,0.44,-47.58,-10.81
HVX,10.6,0.27,0.22,42.5,0.98,0.25,31.7,10.97,0.78,0.12,43.62,0.86,0.13,7.71
IBC,-28.27,0.15,1.39,66.92,0.29,-6.09,-13.34,306.36,1.09,1.44,66.45,0.44,5.52,9.17
ICT,29.44,0.67,1.33,54.38,0.73,0.76,-3.09,100.27,0.9,1.07,66.16,0.98,2.8,24.76
IDI,855.06,0.74,0.85,58.55,1.01,7.05,12.21,407.18,1.16,1.03,58.4,0.75,2.51,5.77
IJC,717.22,0.69,0.42,41.5,0.3,25.97,11.41,885.72,2.03,0.4,50.89,0.39,23.87,-27.82
ILB,146.82,1.19,0.81,67.71,0.39,16.4,3.8,121.03,1.7,1.08,66.71,0.37,14.52,18.29
IMP,295.2,2.12,1.75,16.8,0.72,13.6,98.98,244.36,2.89,1.67,21.8,0.58,14.93,46.95
ITA,-216.46,0.35,1.2,14.11,-0.12,11.2,12.11,342.45,1.41,1.08,16.91,0.07,28.42,21.92
ITC,233.2,0.3,0.37,47.44,0.19,15.61,7.89,233.84,0.99,0.29,51.37,0.17,19.29,8
KBC,2241.44,1.04,1.46,48.86,0.03,166.68,-1.25,1844.5,2.14,2.18,47.16,0.16,22.46,-8.54
KDC,743.51,2.37,0.88,49.76,0.89,2.99,-6.33,865.72,1.97,0.84,51.01,0.79,6.22,-0.29
KDH,1419.94,1.61,2.3,45.24,0.16,37.17,-10.74,1555.91,3.21,2.52,28.88,0.26,32.22,-48.41
KHG,674.64,0.36,0.9,27.04,0.21,31.69,-53.82,571.02,1.36,1.52,26.84,0.29,32.1,-144.49
KHP,139.86,0.63,1.26,67.34,2.39,1.14,20.82,114.33,1.9,1.09,68.28,2.09,1.1,10.53
KMR,33.42,0.25,0.65,31.76,0.6,2.83,18.67,35.96,0.91,0.43,42.52,0.45,3.65,1.75
KOS,131.06,3.6,0.81,52.77,0.31,1.63,-21.6,56.21,3.07,1.37,41.58,0.36,2.04,-17.81
KPF,82.39,0.93,42.29,1.52,0,3577.31,-70.23,87.81,1.4,62.7,29.45,0.04,141.02,260.14
KSB,319.53,0.74,1.51,54.25,0.21,17.73,5.72,395.89,1.86,1.67,55.13,0.22,28.59,2.01
L10,26.49,0.96,1.31,75.57,0.9,1.63,-14.42,28.42,1.09,1.01,80.11,0.93,1.37,22.76
LAF,42.39,1.2,0.35,53.66,1.49,5.05,-47.45,46.97,1.84,0.86,29.77,1.7,9.54,2.56
LBM,152.16,1.54,1.05,25.12,1.77,10.9,95.94,100.62,1.96,1.38,20.13,1.58,10.43,150.65
LCG,317.51,0.55,1.21,47.85,0.19,19.32,-34.73,333.51,1.57,1.1,58.85,0.3,10.03,9.35
LDG,97.02,0.31,1.18,58.74,0.04,1.45,-0.77,230.45,1.59,1.49,52.58,0.05,43.78,-26.59
LEC,22.08,0.34,1.12,67.38,0.16,-5.13,-2.83,31.55,0.89,1.06,59.41,0.56,0.56,-3.92
LGC,781.76,2.27,0.55,62,0.11,34.65,7.61,486.72,1.98,0.83,61.5,0.07,34.2,4.61
LGL,51.9,0.24,0.83,59.16,0.09,8.97,-30.03,63.98,0.9,0.83,56.07,0.07,3.68,2.13
LHG,268.48,0.7,1.7,48.91,0.22,32.43,18.75,390.67,1.81,1.7,48.54,0.29,37.91,34.14
LIX,266.64,1.57,1.28,31.17,2.35,7.57,42.8,215.14,2.18,0.94,35.85,2.39,6.41,50.89
LM8,64.93,0.26,0.61,78.02,1.01,1.07,5.98,65.32,0.51,0.57,78,0.98,1,7.7
MCG,-84.49,0.7,0.17,81.92,0.05,-183.18,-1.53,-36.31,2.93,0.87,70.73,0.21,-21.09,2.99
MCP,17.9,1.04,1.29,25.46,1.6,2.18,22.06,32.47,1.92,1.21,33.19,1.22,5.24,-0.59
MDG,32.32,0.72,1.24,56.8,0.95,5.99,1.61,24.09,0.89,1.19,56.97,0.59,7.45,1.8
MHC,32.58,0.31,15.39,54.72,0.04,-38.99,18.21,102.18,1.1,4.31,61.42,0.02,204.36,-1.53
MIG,200.16,1.28,0.96,77.85,0.5,4.22,1.95,280.7,1.95,1.19,73.39,0.44,8.43,2.84
MSH,472.96,1.44,1.37,47.82,1.7,6.12,56.52,552.69,2.65,1.01,53.31,1.63,9.32,11.71
MSN,9994.85,3.61,0.51,74.08,0.57,6.24,-3.62,16158.21,4.77,0.89,66.42,0.73,11.4,1.37
MWG,7418.5,2.62,0.73,57.14,2.25,3.07,25,7146.01,4.75,0.54,67.64,2.26,3.99,0.4
NAF,121.65,0.54,1.31,48.92,1.04,4.51,5.9,122.49,1.47,1.28,49.43,1.01,4.81,13.2
NAV,26.16,1.47,20.35,4.52,0.68,23.07,-895.39,20.07,1.88,2.01,43.57,0.34,30.13,-30.57
NBB,194.14,0.71,0.77,71.51,0.09,1.54,-25.05,520.17,2.45,0.39,58.15,0.13,55.39,-4.06
NCT,297.03,5.16,5.3,13.64,1.4,32.23,324.84,281.02,4.7,4.38,17.45,1.41,30.13,227.54
NHA,3.98,1.12,0.55,38.73,0.18,1.73,27.06,3.04,7.41,0.48,43.8,0.3,1.95,-19.44
NHH,188.58,0.73,0.95,45.45,1.11,4.71,4.61,138.89,2.23,0.65,65.49,1.16,3.46,-6.57
NHT,83.42,0.75,0.49,41.88,1.09,7.53,42.62,76.71,1.52,0.31,56.39,1.06,5.85,12.07
NKG,216.4,0.6,0.42,60.23,1.6,-0.29,-10.16,2805.71,1.49,0.41,62.83,2.43,7.9,-3.19
NLG,1217.46,0.89,0.98,50.85,0.17,19.95,-1.63,1742.37,1.82,1,42.72,0.28,28.39,12.84
NNC,50.54,1.38,2.97,13.26,0.22,51.72,85.9,45.03,2.04,2.41,14.93,0.43,24.28,124.91
NSC,277.48,0.94,1.1,33.5,0.96,11.93,32.07,263.34,1.09,1.04,32.47,1.03,11.7,21.26
NT2,958.4,1.8,1.5,38.03,1.25,10.05,48.87,586.19,1.79,0.95,36.09,0.95,8.68,44.93
NTL,136.79,0.75,0.95,22.96,0.25,24.87,-53.22,301.45,2.07,1.06,34.52,0.31,41.26,50.62
NVL,4955.83,0.61,0.86,82.54,0.05,20.6,-1.54,5600.54,4.27,0.93,79.6,0.09,23.18,2.39
NVT,57.14,1.42,0.94,51.48,0.31,5.09,13.55,-47.42,2.08,1.07,50.04,0.16,-49.06,4.71
OGC,129.39,2.36,1.45,64.35,0.34,5.93,19.08,122.46,2.44,1.62,58.8,0.11,25.58,-6.7
OPC,180.85,2.02,1.36,30.03,0.94,12.15,9.64,164.06,2.05,0.74,39.99,0.94,10.98,38.52
ORS,521.44,0.75,0,65.59,0.47,4.99,-18.12,450.21,2.4,0,54.41,0.39,15.65,-124.36
PAC,254.17,1.67,0.63,61.73,1.39,4.65,-1.41,268.34,1.98,0.74,65.02,1.25,5.7,15.03
PAN,1163.45,0.4,0.93,51.11,0.88,5.67,3.1,779.89,1.06,1.26,49.55,0.7,5.52,-19.17
PC1,1212.24,0.77,1.18,67.31,0.41,6.32,7.01,1211.92,1.47,0.98,66.39,0.67,7.78,0.75
PDN,306.53,3.13,1.59,33.14,0.9,21.94,64.06,213.11,2.38,1.35,36.52,0.83,18.01,54.08
PDR,351.06,3.05,5.65,28.18,0.1,24.05,24.1,2501.35,5.76,0.36,60.37,0.2,51.39,6.42
PET,375.22,0.82,0.77,77.64,2.01,0.95,-8.1,496.41,1.69,0.9,77.16,2.38,1.77,-2.31
PGC,216.2,1.27,1.06,67.99,1.62,3.15,11.77,192.39,1.65,1.11,64.21,1.55,3.74,5.26
PGD,519.67,1.49,1.53,56.94,3.24,3.66,23.37,323.25,2.17,1.46,58.62,2.72,2.82,-1.27
PGI,252.68,1.7,1.12,74.17,0.47,6.63,6.07,436.86,1.45,1.13,72.07,0.49,11.59,0.73
PGV,4634.18,1.15,1.4,73.36,0.7,5.39,0.32,5133.78,2.53,1.51,74.38,0.54,8.42,2.56
PHC,74.67,0.44,0.73,75.38,0.74,1.03,0.95,112.75,1.26,0.8,71.74,0.42,5.87,-13.45
PHR,1143.84,1.55,2.11,45.72,0.28,54.18,26.96,617.15,3.11,2.02,48.41,0.31,26.39,8.72
PIT,17.34,0.55,0.71,56.57,2.63,0.4,27.16,7.48,1.16,0.71,65.06,2.64,-0.65,4.44
PJT,43.34,0.69,0.47,38.58,1.6,2.79,43.4,46.64,0.91,0.42,43.51,1.22,3.52,29.46
PLP,130.53,0.26,0.84,59.24,1.07,0.92,-15.41,203.36,0.95,0.64,71.19,1.24,5.06,-14.52
PLX,2906.97,1.45,0.72,62.33,4.39,0.63,9.61,4391.87,2.42,0.8,56.38,2.68,1.85,-1.8
PMG,34.45,0.81,0.55,59.86,1.21,-0.63,1.16,-72.13,1.2,0.62,62.25,0.97,-6.9,-0.45
PNC,17.71,0.6,0.62,69.53,1.35,1.87,8.89,-14.76,0.96,0.59,70.23,0.82,-3.61,0.56
PNJ,2405.38,2.58,0.31,35.53,2.83,5.33,1.98,1383.61,3.64,0.12,43.38,2.05,5.26,-15.68
POM,-705.67,0.61,0.37,77.16,0.99,-9.03,0.18,610.62,1.1,0.43,75.36,1.07,1.3,-4.08
POW,3246.76,0.75,1.25,41.45,0.51,9.05,13.4,2848.94,1.32,0.99,41.25,0.46,8.36,23.55
PPC,558.63,0.79,3.9,10.63,0.94,9.42,-175.41,177.27,1.59,3.35,10.91,0.61,5.59,89.28
PSH,46.12,0.4,0.13,84.69,0.74,-3.22,4.42,585.4,1.54,0.15,81.03,0.59,5.57,-0.46
PTB,724.92,1.03,0.56,47.29,1.29,7.3,29.68,749.24,2.01,0.5,55.98,1.27,8.1,5.25
PTC,-26,0.5,1.4,58.09,0.06,-88.41,-14.63,72,2,1.1,37.81,0,-5700,22.27
PTL,-116.41,0.67,2.27,24.39,0.07,-189.96,-112.08,28.08,2.18,1.97,36.87,0.08,29.12,10.17
PVD,29.51,0.7,1.65,32,0.26,-2.85,-1.26,171.78,0.9,1.54,33.38,0.19,0.92,-5.43
PVT,1671.32,0.89,2,43.77,0.68,12.78,34.82,1182.89,1.12,1.92,44.26,0.63,11.19,14.98
QBS,-22.68,0.23,6.52,13.85,0.37,-12.3,-110.06,49.54,0.93,1.63,51.06,1.23,0.01,-15.76
QCG,101.35,0.25,0.12,56.37,0.13,2.67,1.28,123.53,1,0.07,56.12,0.1,6.7,0.85
RAL,694.14,0.67,1.3,60.76,1.14,7.04,-22.61,554.51,1.19,1.07,74.61,1.21,6.98,-5.92
RDP,117.21,0.5,0.51,72.04,1.21,0.68,-8.07,142.75,1.22,0.5,77.26,1.23,1.39,-0.28
REE,4761.31,1.32,1.75,43.38,0.29,37.51,10.67,3063.04,1.31,1.48,48.6,0.22,36.76,9.86
S4A,209.4,2.28,0.73,36.82,0.31,56.26,55.57,177.6,2.11,0.54,41.47,0.28,49.34,48.32
SAB,6858.93,4.35,2.68,28.65,1.08,15.72,44.34,4905.63,4.29,2.92,25.89,0.91,14.9,44.57
SAM,130.09,0.5,1.11,36.38,0.29,0.35,12.6,251.15,1.96,1.4,39.07,0.29,8.47,-35.42
SAV,69.81,0.71,1.89,33.8,1.72,5.51,36.08,56.85,1.32,1.36,44.33,1.76,4.27,10.3
SBA,287.46,1.45,1.2,28.38,0.38,49.34,68.87,158.05,1.37,0.8,33.98,0.24,37.21,36.88
SBV,36.04,0.59,1.1,40.61,0.52,2.84,9.89,79.28,0.89,1.2,41.24,0.57,9.98,10.62
SC5,58.4,0.76,0.74,86.02,1.09,0.86,0.23,73.39,0.95,0.72,85.45,0.76,1.96,6.49
SCD,-33.67,1.62,0.39,82,0.35,-28.8,-13.71,-21.69,1.15,1.99,57.91,0.34,-27.02,-16.16
SCR,389.49,0.43,0.95,47.71,0.09,6.28,-6.98,586.81,1.55,1.14,48.63,0.16,11.54,19.22
SCS,696.6,4.91,8.51,7.84,0.57,75.93,482.67,605.28,6.5,5.18,11.74,0.67,67.17,355.67
SFC,27.29,1.26,2.68,23.2,6.04,1.39,71.95,30.44,1.59,1.95,27.56,2.44,3.23,-37.49
SFG,87.58,0.74,0.64,43.19,1.6,2.24,43.22,64.8,1.53,0.69,59.14,1.7,1.73,0.74
SFI,267.32,0.94,2.55,22.13,1.79,12.43,11.67,216.09,1.61,2.2,33.58,2.26,9.45,0.51
SGN,172.36,2.44,4.21,19.94,0.99,13.65,88.18,58.53,2.9,5.67,12.6,0.49,8.65,159.02
SGR,288.94,0.91,1.07,55.98,0.33,33,30.36,89.34,2.88,0.79,65.09,0.09,27.03,12.1
SGT,210.02,1.19,0.91,65.73,0.29,7.23,-0.01,128.3,2.48,0.97,76.4,0.2,10.12,-2.65
SHA,53.18,0.32,0.63,61.3,1.11,1.65,-4.06,45.77,0.74,0.68,57.52,1.01,1.92,-10.73
SHI,375.37,1.23,0.81,73.23,1.2,1.1,-7.02,331.06,1.15,0.75,76.9,1.36,1.93,-5.06
SHP,393.46,1.85,1.84,18.19,0.41,43.03,148.32,321.11,1.82,1.11,27.06,0.36,40.31,84.96
SII,-8.26,0.75,0.27,41.96,0.1,-38.42,-1.24,14.69,0.76,0.21,41.7,0.08,-38.58,-3.69
SJD,207.51,0.94,7.85,23.6,0.32,33.88,73.86,213.34,1.51,4.01,31.27,0.32,37.62,-2.22
SJF,6.01,0.31,3.34,19.97,0.15,-4.74,54.58,31.02,1.13,2.14,27.17,0.43,3.6,57
SJS,176.35,2.01,0.1,62.01,0.06,31.76,-15.66,133.15,4.25,0.19,68.34,0.11,11.27,-8.39
SKG,47.91,1.08,30.37,1.46,0.49,10.83,743.4,-38.54,1.38,24.59,1.3,0.2,-23.06,80.94
SMA,45.75,0.68,0.17,41.28,0.21,34.7,4.92,36.41,1.04,0.11,51.68,0.19,26.74,18.6
SMB,236.05,2.19,0.88,38,1.45,13.32,34.56,202.35,2.3,0.85,40.87,1.37,13.32,76.28
SMC,-350.02,0.41,0.79,79.31,2.67,-2.81,6.06,1264.41,1.1,0.73,73.14,2.71,4.23,-11.42
SPM,42.86,0.24,3.19,25.3,0.66,3.52,16.77,37.66,0.36,2.95,26.45,0.67,2.84,2.02
SRC,51.62,1.16,0.4,64.71,0.74,3.03,8.68,63.32,1.39,0.43,64.98,0.72,4.19,20.31
SRF,-88.02,0.82,0.91,75.21,0.66,-11.92,9,74.4,0.99,0.84,69.04,0.49,3.69,0.73
SSC,63.74,1,1.89,28.04,0.58,16.87,22.85,65.91,1.41,2.02,27.37,0.62,17.54,48.5
SSI,3140.35,1.18,0,57.14,0.12,26.8,-23.95,4394.9,3.58,0,72,0.17,36.21,-28.49
ST8,255.12,0.76,5.82,17.19,0.87,60,-125.82,20.39,1.1,1.55,30.89,1.56,1.85,-25.39
STG,327.29,1.85,1.81,24.17,0.96,9.76,43.72,317.63,1.51,1.56,29.77,1.15,8.54,32.48
STK,278.59,1.46,1.26,27.48,1.03,11.46,36.28,291.06,3.07,0.72,36.13,1.11,13.63,40.74
SVC,786.6,0.78,0.51,60.05,4.03,2.75,-0.82,334.75,1.88,0.52,57.78,3.27,1.49,-5.32
SVD,14.86,0.29,1.18,35.95,0.84,-0.7,-7.32,334.75,0.87,0.78,57.84,1.09,2.68,19.24
SVI,153.55,1.08,1.54,40.31,1.58,6.21,44.27,121.34,1.42,1.24,45.36,1.63,5.01,22.92
SVT,25.79,0.77,52.26,0.64,0.84,14.94,-2375.99,35.49,1.12,38.87,0.68,0.6,31.28,1318.92
SZC,276.38,1.71,0.25,75.78,0.14,22.98,13.29,403.88,4.64,0.27,73.91,0.14,45.38,16.95
SZL,119.57,1.46,2.46,69.83,0.22,24.18,12.96,124.02,2,2.24,64.94,0.23,26.08,9.3
TBC,468.94,1.36,3.18,13.81,0.46,52.17,195.58,270.79,1.57,2.09,22.77,0.31,42.3,87.98
TCD,586.75,0.39,1.29,63.23,0.38,11.34,-53.39,497.45,1.72,0.97,78,0.52,10.79,2.76
TCL,154.32,1.75,1.79,31.99,1.59,9.21,58.5,141.92,2.08,1.54,34.74,1.29,9.57,-6.26
TCM,381.34,2.19,0.69,43.09,1.22,6.48,16.79,197.72,2.72,0.51,52.62,1.07,4.06,-4.7
TCO,46.37,0.45,44.14,2.25,3.95,2.76,-97.02,55,1.4,5.44,17.95,0.81,19.29,-140.45
TCR,15.29,0.33,0.55,50.28,1.14,0.09,10.92,23.12,0.75,0.54,51.86,0.99,1.13,5.18
TCT,36.23,1.37,13.61,6.92,0.2,45.44,70.35,1.95,1.63,25.08,3.74,0.11,4.59,38.62
TDC,332.16,0.83,0.57,68.19,0.55,1.4,7.1,329.07,2.19,0.22,75.57,0.3,7.5,-1.1
TDG,34.21,0.27,0.69,60.93,2.27,0.86,-21.43,32.65,0.91,0.89,62.45,2.87,1.08,-3.39
TDH,39.14,0.69,0.65,68.19,0.11,17,-17.75,-766.41,2.41,0.63,66.3,0.13,-182.77,-17.13
TDM,252.35,1.81,0.94,15.12,0.2,46.02,32.84,365.79,1.9,0.59,23.22,0.17,78.8,61.84
TDP,283.18,2.7,0.61,75.5,1.07,2.89,-3.49,218.32,2.19,0.51,73.7,1.07,3.56,0.52
TDW,56.79,1.73,0.91,52.84,2.98,3.49,51.5,44.26,1.76,0.92,52.81,2.51,3.08,-3.72
TEG,68.17,0.56,2.53,21.95,0.18,21.08,31.39,64.38,1.05,2.07,25.01,0.28,18.76,-62.89
TGG,-29.87,0.27,1.38,24.14,0.87,-6.42,128.2,118.05,1.2,1.09,49.83,1.46,12.28,-0.34
THG,192.85,1.22,0.68,65.28,0.97,8.73,2.84,175.77,2.49,0.67,65.89,0.88,9.75,9.9
THI,116.73,0.95,1.06,41.6,0.57,2.83,11.23,203.21,0.94,0.71,55.51,0.74,3.87,8.21
TIP,112.4,0.68,13.44,14.71,0.15,46.47,-349.49,125.41,1.8,6.03,27.72,0.25,37.52,61.75
TIX,138.17,1.24,3.75,30.09,0.19,48.11,38.48,146.6,1.26,4.07,31.81,0.23,44.28,19.23
TLD,22.49,0.28,2.51,23.87,0.65,2.71,-134.19,25.76,1.13,1.65,27.06,0.66,4.41,15.64
TLG,515.55,2.03,1.47,31.76,1.32,11.39,31.74,365.58,1.94,2.03,25.37,1.12,10.37,35.64
TLH,123.47,0.34,0.29,54.51,1.27,0.14,-8.3,603.95,1.09,0.36,54.27,1.33,9.82,-18.8
TMP,742.71,2.05,4.94,26.43,0.5,54.2,88.33,463.23,2.57,4.83,29.55,0.37,48.1,59.62
TMS,836.33,1.52,2.08,25.76,0.64,19.9,-39.2,750.8,2.01,1.47,39.14,1.32,9.73,0.64
TMT,150.31,0.8,0.2,87.76,0.91,1.66,1.81,96.37,1.55,0.28,85.3,1.05,1.64,-4.8
TN1,120.3,0.88,4.16,48.29,0.56,5.21,12.6,146.88,1.7,1.69,46.91,0.43,15.02,-71.92
TNA,130.88,0.52,0.63,78.16,2.57,0.28,-10.5,116.92,1.44,0.64,75.32,2.44,0.35,5.19
TNC,57.69,3.83,3.72,14.91,0.25,53.2,-33.65,42.12,2.07,4.85,12.2,0.18,55.95,-22.07
TNH,182.46,1.97,0.63,33.95,0.35,30.35,43.52,187.94,2.9,0.7,39.33,0.34,34.61,60.22
TNI,55.55,0.33,0.95,47.63,1.63,0.18,19.63,7.05,0.85,1.45,49.16,1.73,-0.85,-17.34
TNT,9.15,0.28,12.2,7.11,0.64,1.83,499.73,36.88,1.75,14.68,5.72,1.37,4.64,-339.06
TPC,27.13,0.45,0.65,47.64,1.49,1.45,-7.77,25.35,0.71,0.67,55.05,1.24,1.7,4.11
TRA,369.54,2.67,1.72,23.99,1.36,12.24,56.84,336.14,2.98,1.62,25.75,1.29,12.24,66.08
TRC,100.8,0.56,1.56,20.41,0.26,14.33,8.23,119.54,0.84,1.81,20.96,0.21,23.29,5.16
TSC,-31.91,0.26,6.62,8.61,0.36,-5.27,50.31,141.13,1.18,3.48,12.54,0.24,25.52,-11.17
TTA,430.6,0.78,0.51,58.01,0.17,27.59,11.61,350.06,1.37,0.37,62.98,0.14,20.17,10.89
TTB,15.71,0.39,1.34,46.86,0.83,0.2,-39.34,22.28,1.06,0.7,60.86,0.96,0.52,26.88
TTE,97.53,1.08,0.49,76.45,0.13,9.67,4.14,94.42,2,1,72.73,0.14,19.38,9.91
TTF,90.99,3.48,0.86,84.86,0.69,0.3,10.84,57.2,9.23,0.49,83.96,0.63,0.16,-10.61
TV2,99.12,1.09,1.26,54.28,0.35,5.8,-3.79,343.41,2.36,1.09,69.18,0.93,7.49,-8.83
TVB,34.67,0.34,0,9.86,0.1,11.3,163.09,389.01,2.16,0,24.22,0.31,68.79,-90.66
TVS,232.12,1.49,0,81.11,0.12,6.58,2.21,733.77,3.69,0,75.58,0.19,49.62,-9.64
TVT,106.87,0.79,0.77,66.04,1.22,2.77,11.83,141.85,0.94,0.83,54.74,0.98,5.95,15.25
TYA,71.21,0.77,1.07,53.05,1.84,1.53,20.33,97.32,1.17,0.83,59.77,2.02,3.15,-26.79
UDC,-12.92,0.53,0.4,63.69,0.13,-29.84,3.1,6.3,1.01,0.57,64.43,0.28,-7,9.34
UIC,66.76,0.84,1.26,25.83,5.46,2.03,66.71,70.07,1.46,1.17,25.55,5.17,2.23,50.93
VAF,47.44,0.7,1.2,22.43,1.43,4.15,-39.64,35.01,1.07,1.17,30.5,1.34,3.33,76.69
VCA,8.2,0.88,0.64,50.22,4.91,-0.25,75.17,52.33,1.04,0.48,58.46,5.86,1.39,-73.4
VCF,406.04,3.56,3.19,21.05,1.09,14.46,-45.82,553.63,4.93,1.87,35.11,1.09,19.33,86.69
VCG,1742.47,0.85,1.01,68.97,0.27,11.01,-8.01,1224.51,3.03,1.15,75.37,0.23,9.04,1.69
VCI,1537.1,1.56,0,54.39,0.2,27.53,48.3,2181.36,3.71,0,60.68,0.3,40.43,-37.15
VDP,112.71,0.98,1.25,42.51,0.94,7.22,-0.19,90.05,1.07,0.94,43.37,0.81,7.67,-7.71
VDS,-152.93,0.74,0,51.04,0.2,-13.97,-14.6,534.05,2.25,0,59.19,0.31,41.75,-41.21
VFG,297.31,1.28,0.83,58.67,1.28,7.7,-5.13,210.78,1.71,1.08,46.73,1.11,7.93,87.87
VGC,2556.58,1.68,0.46,60.43,0.65,13.11,17.89,1702.15,2.87,0.5,62.01,0.52,11.43,35.15
VHC,2417.69,1.66,1.33,33.54,1.3,15.22,30.87,1314.26,1.94,1.4,32.66,1.14,12.22,11.63
VHM,40718.21,1.41,0.7,58.95,0.21,46.74,14.54,50531.14,2.72,0.87,42.99,0.38,45.83,17.23
VIC,23746.05,1.51,0.59,76.41,0.2,1.95,0.02,13435.34,2.27,0.76,62.75,0.3,-6.01,-5.28
VID,75.07,0.42,0.75,51.75,1.17,3.52,-6.87,95.09,0.77,0.69,53.45,1,6.11,-3.56
VIP,318.85,0.45,6.38,11.28,0.6,28.04,113.5,45.48,0.71,3.61,26.39,0.44,1.54,41.14
VIX,414.25,0.48,0,3.5,0.18,26.27,-585.87,956.95,2.41,0,20.47,0.46,46.88,-188.35
VJC,-458.85,4.16,0.98,78.79,0.66,-5.52,5.19,985.16,4.12,1.68,67.37,0.27,0.62,-18.82
VMD,53.31,0.77,0.71,86.26,1.65,0.51,33.76,45.62,1.38,0.54,92.8,1.78,0.17,-11.93
VND,2494.08,1.13,0,62.66,0.18,17.87,-12.58,3393.93,3.63,0,73.52,0.23,39.46,-48.99
VNE,125.86,0.71,0.9,73.25,0.68,0.84,-5.91,49.53,1.24,0.64,70.61,0.72,0.47,11.83
VNG,130.55,0.85,1.26,60.75,0.25,0.5,7.55,72.45,1.21,1.03,51.33,0.08,1.71,-14.92
VNL,53.99,0.79,3.93,31.06,3.04,3.78,39.07,46.87,1.09,2.2,46.06,3.62,2.58,0.62
VNM,10661.57,4.85,1.7,32.31,1.18,14.31,56.35,13011.03,5.04,1.72,32.78,1.2,17.45,53.95
VNS,197.03,0.84,4.04,24.59,0.64,17.02,76.67,-258.43,0.63,2.74,23.25,0.27,-57.19,4.4
VOS,665.24,1.07,1.67,42.94,0.89,20.16,48.92,606.82,2.64,1.38,63.26,0.51,34.44,40.79
VPD,377.08,1.56,0.92,23.58,0.33,41.68,69.59,259.36,1.36,0.62,34.06,0.2,28.86,49.59
VPG,134.81,0.74,0.77,75.23,1.32,1.13,-11.18,562.49,2.75,0.97,61.69,1.96,10.9,18.75
VPH,69.84,0.37,0.63,54.49,0.08,12.86,6.75,144.59,1.22,1.25,47.91,0.14,28.69,-8.47
VPI,847.97,3.46,1.15,65.76,0.21,22.8,10.48,496.17,3.56,0.93,65.49,0.27,13.18,8.37
VPS,25.75,0.61,1.72,34.85,1.15,3.19,-35.46,21.86,1.14,1.73,29.63,1.13,2.66,39.99
VRE,3883.65,1.79,1.61,21.72,0.18,37.73,54.67,2178.45,2.23,2.16,19.07,0.15,22.32,23.61
VSC,478.02,1.15,2.95,26.69,0.53,19.58,40.51,482.69,0.8,5.28,8.27,0.66,21.87,238.51
VSH,1787.93,1.49,1.71,48.24,0.31,41,32.16,774.47,1.69,0.67,59.96,0.16,24.03,12.55
VSI,50.76,1.21,1.41,62.9,0.63,7.17,18.32,77.97,1.4,1.91,59.41,0.43,19.48,6.37
VTB,27.44,0.86,3.41,20.07,0.99,9.02,-4.29,9.2,0.69,1.67,26.54,1.14,2.33,109.59
VTO,120.67,0.51,2.57,31.98,0.68,6.21,32.14,188.21,0.89,1.84,34.65,0.53,13.67,38.72
YBM,26.2,0.46,0.67,57.49,0.99,2.18,10.13,30.47,0.75,0.89,58.88,1.15,2.99,13.52
YEG,44.9,0.31,1.91,27.05,0.24,9.87,-73.63,120.12,0.91,2.74,36.04,0.78,2.78,-17.87
