NAME,EBIT(t-1),PB(t-1),QR(t-1),DA(t-1),TATO(t-1),ROS(t-1),OCFTD(t-1),EBIT(t-2),PB(t-2),QR(t-2),DA(t-2),TATO(t-2),ROS(t-2),OCFTD(t-2),TARGET
AAA,520,1.4,0.9,53.04,0.87,3.81,13.49,822,1.1,1.2,59.25,1.16,5.3,10.33,0
AAA,550,1.6,1.3,45.5,1.31,2.47,9.75,520,1.4,0.9,53.04,0.87,3.81,13.49,0
AAM,-12,0.6,3.3,8.06,0.57,-9.92,-141.18,10,0.6,4.9,7.02,0.95,3.7,-168.75,1
AAM,0.33,0.7,14.1,3.48,0.67,0.17,642.86,-12,0.6,3.3,8.06,0.57,-9.92,-141.18,0
ABR,30,2.1,4.6,16.31,0.35,25.51,50,11,1.1,3.8,18.22,0.1,29.63,-165.96,0
ABR,23,2,4.5,18.21,0.29,20.88,22.81,30,2.1,4.6,16.31,0.35,25.51,50,0
ABS,115,2.2,1.9,41.87,0.75,5.42,-84.41,68,3.7,1.2,62.82,0.94,4.35,-37.01,0
ABT,19,0.8,0.8,24.45,0.58,4.4,7.52,56,0.9,0.8,23.23,0.67,13.57,-15.2,0
ABT,38,0.9,0.7,29.63,0.58,9.94,-1.14,19,0.8,0.8,24.45,0.58,4.4,7.52,0
ACC,92,1.5,1.2,44.47,0.53,13.4,-67,59,1.7,1.5,49.9,0.95,9.7,9.68,0
ACC,69,3.4,0.6,59.52,0.3,10.76,-65.29,92,1.5,1.2,44.47,0.53,13.4,-67,0
ACL,76,1,0.4,58.13,0.57,2.94,-22.59,201,0.8,0.5,54.41,0.97,10.01,0.63,0
ACL,80,1.2,0.4,51.58,0.83,3.46,48.14,76,1,0.4,58.13,0.57,2.94,-22.59,0
ADG,55,5.6,1.6,46.07,1.02,8.85,2.44,51,6.4,1.9,38.28,1.74,11.29,37.5,0
ADG,55,4.1,2.1,40,1.3,6.67,41.67,55,5.6,1.6,46.07,1.02,8.85,2.44,0
ADS,72,0.8,0.8,77.04,0.73,1.79,-1.27,52,0.9,0.8,76.75,0.98,0.47,1.13,0
ADS,150,3,0.8,70.58,0.76,6.61,8.92,72,0.8,0.8,77.04,0.73,1.79,-1.27,0
AGG,618,2.2,0.7,78.7,0.14,23.29,8.82,529,1.6,0.7,76.21,0.18,25.37,0.36,0
AGM,45,0.5,1.2,42.16,2.58,1.28,20,58,0.4,1,42.88,2.75,1.89,1.81,0
AGM,79,1.4,1.1,74.03,2.11,1.15,-47.74,45,0.5,1.2,42.16,2.58,1.28,20,0
AMD,64,0.3,2.6,27.52,0.41,2.14,-17.96,79,0.2,2.5,28.5,0.82,1.52,-48.39,0
AMD,46,0.7,2.6,23.87,0.59,0.72,-4.68,64,0.3,2.6,27.52,0.41,2.14,-17.96,0
ANV,302,1.3,0.4,51.72,0.71,5.87,-1.2,880,1.1,0.6,42.3,1.08,15.71,18.75,0
ANV,254,1.8,0.5,52.22,0.71,3.69,9.8,302,1.3,0.4,51.72,0.71,5.87,-1.2,0
APC,57,0.8,5.7,36.76,0.14,32.39,6.45,70,0.7,2.8,41.5,0.14,39.16,9.88,0
APC,19,0.8,5.1,36.5,0.13,-1.55,-8.77,57,0.8,5.7,36.76,0.14,32.39,6.45,0
APH,582,2.5,1.3,51.79,1.2,1.61,6.66,558,4.9,0.9,57.9,0.81,2.85,11.41,0
ASG,103,2.1,1.5,35.47,0.34,4.85,9.35,98,2.9,3.2,33.77,0.34,8.43,17.66,0
ASM,1142,1,0.8,60.96,0.71,4.57,1.34,1126,0.4,0.7,59.59,0.91,5.79,8.21,0
ASM,1232,1.2,1,58.3,0.63,6.18,10.27,1142,1,0.8,60.96,0.71,4.57,1.34,0
ASP,74,0.5,0.5,71.77,1.52,1.18,3.18,92,0.5,0.4,69.58,1.57,1.56,23.67,0
ASP,51,1,0.7,75.79,1.67,0.74,19.19,74,0.5,0.5,71.77,1.52,1.18,3.18,0
AST,-47,5.3,3.8,13.6,0.57,-14.48,-101.18,263,6.3,1.6,26.32,1.31,18.58,91.3,1
AST,-126,6.4,2.9,17.89,0.31,-83.77,-93.33,-47,5.3,3.8,13.6,0.57,-14.48,-101.18,1
BBC,128,1.2,1.4,28.97,0.79,7.96,-94.85,121,0.9,1.3,36.11,0.96,6.32,52.73,0
BBC,33,1.2,0.9,40.12,0.67,2.02,76.75,128,1.2,1.4,28.97,0.79,7.96,-94.85,0
BCE,49,1.2,1.2,61.83,0.45,7.8,-7.93,49,0.5,1.3,57.13,0.74,5.86,14.93,0
BCE,31,1.6,1.5,51.42,0.14,19.82,-0.24,49,1.2,1.2,61.83,0.45,7.8,-7.93,0
BCG,636,2.8,0.9,87.72,0.08,14.34,-10.51,368,2.2,0.5,77.6,0.22,8.95,-17.21,0
BCG,2278,3,1.3,77.85,0.07,38.62,-30.72,636,2.8,0.9,87.72,0.08,14.34,-10.51,0
BCM,3069,2.6,0.3,64.55,0.13,33.6,8.14,3630,2.1,0.2,63.8,0.19,32.03,10.56,0
BCM,2513,4.1,0.4,64.98,0.14,20.84,1.08,3069,2.6,0.3,64.55,0.13,33.6,8.14,0
BFC,282,0.9,0.6,60.48,1.77,3.06,24.34,252,0.6,0.6,65.43,1.84,1.61,28.21,0
BFC,429,1.5,0.2,64.66,2.01,3.84,-10.43,282,0.9,0.6,60.48,1.77,3.06,24.34,0
BHN,790,3.3,2.2,25.36,0.97,8.87,26.32,701,3.7,1.5,33.34,1.2,5.6,42.18,0
BHN,439,3.3,1.7,32.86,0.98,4.85,26.92,790,3.3,2.2,25.36,0.97,8.87,26.32,0
BKG,31,2,4.2,13.39,0.79,6.27,59.68,25,2.4,3.6,16.19,0.8,5.54,35.62,0
BMC,20,0.8,3.3,11.35,0.99,6.64,-53.85,21,0.8,2.6,9.05,0.86,8.38,-25,0
BMC,21,1.4,2.8,14.34,0.56,12.41,228.57,20,0.8,3.3,11.35,0.99,6.64,-53.85,0
BMP,657,1.9,3.3,18.23,1.55,11.16,166.79,529,1.3,2.9,13.37,1.52,9.75,253.02,0
BMP,268,2,2.7,19.2,1.6,4.7,-5.69,657,1.9,3.3,18.23,1.55,11.16,166.79,0
BRC,27,0.6,1.1,29.59,0.98,7.27,-6.9,26,0.6,1.3,24.16,1,7.41,47.69,0
BRC,29,0.9,1.2,32.15,1.12,6.32,14,27,0.6,1.1,29.59,0.98,7.27,-6.9,0
BTP,107,0.7,4.7,28.42,0.44,10.8,64.2,235,0.5,2.9,38.56,0.95,9.6,-22.86,0
BTP,157,0.8,2.3,33.21,0.64,10.47,-15.62,107,0.7,4.7,28.42,0.44,10.8,64.2,0
BTT,20,1.9,2.3,26.46,0.34,10.18,9.16,67,1.4,1.8,31.72,0.6,16.93,24.71,0
BTT,6,1.7,4.1,22.68,0.22,4.85,-0.95,20,1.9,2.3,26.46,0.34,10.18,9.16,0
BWE,752,1.8,0.9,58.65,0.37,17.69,23.78,684,1.9,0.8,64.57,0.41,18.7,11.55,0
BWE,1019,2,1,56.74,0.34,24.21,17.32,752,1.8,0.9,58.65,0.37,17.69,23.78,0
C32,118,0.7,1.1,43.65,0.65,13.01,14.08,107,0.6,1,42.86,0.9,9.48,16.41,0
C32,102,0.8,1.3,39.98,0.53,14.53,-3.34,118,0.7,1.1,43.65,0.65,13.01,14.08,0
C47,87,1,0.4,80.81,0.76,1.46,-1.3,79,0.6,0.4,84.95,0.47,0.45,0.98,0
C47,107,2.1,0.5,78.05,0.56,4.88,8.64,87,1,0.4,80.81,0.76,1.46,-1.3,0
CAV,610,2,0.7,68.64,1.89,3.71,5.58,706,1.8,0.7,60.59,2.23,5.47,-7.16,0
CAV,527,1.7,0.3,72.94,1.58,3.21,-12.45,610,2,0.7,68.64,1.89,3.71,5.58,0
CCI,38,1,11,60.17,0.42,10.34,3.84,37,0.9,11.7,60.49,0.56,7.79,3.11,0
CCI,41,1.4,15.5,59.36,0.43,11.04,11.74,38,1,11,60.17,0.42,10.34,3.84,0
CCL,108,0.8,1.4,49.82,0.78,7.95,-4.26,68,0.6,1.2,42.09,0.57,7.94,84.01,0
CCL,125,1.4,1.6,50.96,0.81,8.01,6.37,108,0.8,1.4,49.82,0.78,7.95,-4.26,0
CDC,39,1.7,1.1,69.69,0.39,8.7,2.25,48,0.8,1.3,66.39,0.56,7.17,24.07,0
CDC,49,1.4,1,75.84,0.6,4.03,-21.11,39,1.7,1.1,69.69,0.39,8.7,2.25,0
CEE,88,1.4,0.8,73.38,0.51,3.38,-12.85,23,1.9,0.7,78.5,0.36,-9.34,-9.76,0
CHP,428,1.3,1.2,46.39,0.24,33.45,30.69,355,1.5,0.8,51.14,0.2,30.25,29.99,0
CHP,370,1.6,1.2,42.13,0.24,30.75,22.55,428,1.3,1.2,46.39,0.24,33.45,30.69,0
CIG,-174,2.2,0.9,77.29,0.04,-673.08,0.75,2,0.4,0.8,63.1,0,0,9.72,1
CIG,18,10,0.4,75.71,0.04,56.67,-1.31,-174,2.2,0.9,77.29,0.04,-673.08,0.75,1
CII,1523,1.1,0.8,73.65,0.18,8.78,-6.41,1252,1,0.5,70.23,0.06,28.79,0.66,1
CII,1028,2.4,0.6,72.86,0.09,-8.46,-3.92,1523,1.1,0.8,73.65,0.18,8.78,-6.41,0
CKG,223,3.5,0.5,79.36,0.24,13.87,1.48,187,1.9,0.7,86.35,0.24,10.4,1.36,0
CLC,166,1,1.3,19.85,2.08,6.79,125.97,195,1.1,1,32.32,1.88,7.31,43.81,0
CLC,172,1.1,1,26.29,2.04,6.3,-5.07,166,1,1.3,19.85,2.08,6.79,125.97,0
CLL,116,1.6,5.2,8.36,0.55,25.65,266.1,115,1.2,4.2,9.6,0.5,25.71,159.7,0
CLL,98,1.7,11.1,4.42,0.39,32.2,343.33,116,1.6,5.2,8.36,0.55,25.65,266.1,0
CLW,37,1.4,0.9,54.07,2.39,2.38,32.71,38,1.1,0.8,47.49,2.55,2.44,18.09,0
CLW,38,1.7,1.1,50.87,2.52,2.43,12.88,37,1.4,0.9,54.07,2.39,2.38,32.71,0
CMG,363,2.7,1.4,54.03,0.97,4.81,16.26,330,1.8,1.6,52.1,1.07,4.35,7.52,0
CMG,437,2.8,1.3,56.8,0.97,5.35,16.06,363,2.7,1.4,54.03,0.97,4.81,16.26,0
CMV,40,1,0.4,67.33,6.97,0.43,11.27,43,1.4,0.4,75.17,6.45,0.38,-8.17,0
CMV,46,1,0.6,46.93,8.16,0.75,44.59,40,1,0.4,67.33,6.97,0.43,11.27,0
CMX,107,4.1,0.4,62.63,0.95,4.21,-1.39,127,5.1,0.4,75.77,0.67,8.2,-7.51,0
CMX,145,1.6,1,46.45,0.86,4.01,-31.73,107,4.1,0.4,62.63,0.95,4.21,-1.39,0
CNG,65,1,1.6,52.07,2.2,2.18,25.63,108,1,2.3,35.28,2.54,3.94,33.11,0
CNG,108,1.5,1.3,53.52,2.72,2.68,21.46,65,1,1.6,52.07,2.2,2.18,25.63,0
COM,46,1.4,2.4,11.22,5.81,1.28,162.5,64,1.5,1.5,13.79,8.16,1.21,-67.61,0
COM,50,1.2,2.6,11.78,4.97,1.5,46.03,46,1.4,2.4,11.22,5.81,1.28,162.5,0
CRC,13,1.6,0.7,71.41,0.93,0.86,46.76,12,2.1,0.9,57.04,1,1.23,-0.87,0
CRC,33,1,1.1,45.64,0.57,5.96,-40.27,13,1.6,0.7,71.41,0.93,0.86,46.76,0
CRE,382,2.2,1.6,46.37,0.56,14.17,-26.09,513,1.2,2.1,29.23,0.86,17,19.77,0
CRE,725,3.3,1.9,45.18,0.89,8.04,-13.27,382,2.2,1.6,46.37,0.56,14.17,-26.09,0
CSM,239,1.4,0.4,66.56,1.23,1.94,12.49,192,1.1,0.4,67.48,1.12,1.22,5.01,0
CSM,164,1.5,0.5,68.86,1.15,0.87,-9.36,239,1.4,0.4,66.56,1.23,1.94,12.49,0
CSV,239,1.2,2.2,22.71,1.03,13.44,98.31,326,0.9,2.1,26.01,1.24,16.03,-36.17,0
CSV,278,1.6,2,20.33,1.08,13.82,47.97,239,1.2,2.2,22.71,1.03,13.44,98.31,0
CTD,428,0.7,2,40.68,1.03,2.3,-9.85,891,0.4,1.7,47.71,1.47,3,-4.39,0
CTD,39,1,1.9,40.77,0.65,0.26,7.42,428,0.7,2,40.68,1.03,2.3,-9.85,0
CTF,52,2.7,0.8,66.24,3.57,0.02,11.57,104,2.7,0.7,65.55,4.11,0.69,-38.56,0
CTF,112,1.9,1,53.92,2.56,1.15,-15.79,52,2.7,0.8,66.24,3.57,0.02,11.57,0
CTI,295,0.7,0.7,70.23,0.2,11.04,9.49,298,0.8,0.4,67.82,0.18,10.54,3.32,1
CTI,187,1.2,0.7,73.61,0.16,-1.71,7.37,295,0.7,0.7,70.23,0.2,11.04,9.49,0
CTR,345,4.6,0.9,72.65,1.64,4.31,5.82,240,2.7,1.1,64.53,2.09,3.71,43.12,0
CTR,478,6.1,1,66.92,1.88,5.04,22.17,345,4.6,0.9,72.65,1.64,4.31,5.82,0
CVT,168,1.9,0.5,45.19,0.94,9.26,39.37,234,1,0.2,43.31,1.19,11.24,52.81,0
CVT,169,2.1,1.2,67.96,0.59,6.51,12.24,168,1.9,0.5,45.19,0.94,9.26,39.37,0
D2D,337,1.7,2.6,51.6,0.18,75.07,-28.92,469,1.8,1.9,62.03,0.36,49.08,41.55,0
D2D,303,1.5,8.1,38.58,0.26,51.48,-53.85,337,1.7,2.6,51.6,0.18,75.07,-28.92,0
DAG,59,0.5,0.5,61.27,1.01,0.45,5.32,118,0.5,0.5,58.36,1.01,3.24,5.2,0
DAG,75,1.3,0.5,66.49,0.96,0.31,-1.19,59,0.5,0.5,61.27,1.01,0.45,5.32,0
DAH,-9,1,0.1,46.42,0.02,-275,-0.35,25,2.2,0.3,41.99,0.19,0.85,4.96,0
DAH,67,1.2,3.4,23.43,0.61,5.06,-40.15,-9,1,0.1,46.42,0.02,-275,-0.35,0
DAT,126,2.2,1.2,60.59,1.32,2.41,11.48,123,1.4,1.2,62.6,1.58,2.49,-4.06,0
DAT,92,1.6,1.2,58,1.39,1.55,10.18,126,2.2,1.2,60.59,1.32,2.41,11.48,0
DBC,1864,1.4,0.3,58.35,0.99,13.97,36.8,627,0.7,0.3,68.45,0.75,4.24,7.54,0
DBC,1162,1.8,0.3,56.86,1,7.68,9.49,1864,1.4,0.3,58.35,0.99,13.97,36.8,0
DBD,200,2.5,1.8,31.25,0.87,12.57,47.44,184,2.9,1.2,42.44,0.78,11.25,-0.15,0
DBD,233,2.5,2.4,26.86,1,12.12,28.16,200,2.5,1.8,31.25,0.87,12.57,47.44,0
DBT,41,0.9,0.5,72.38,0.93,1.67,-14.31,46,0.8,0.5,66.67,1.1,3.31,-16.6,0
DBT,41,1.1,0.4,74.59,0.78,2.12,-6.47,41,0.9,0.5,72.38,0.93,1.67,-14.31,0
DC4,43,1.3,1.1,40.68,0.75,6.87,16.6,35,1.2,0.7,48.71,0.61,6.42,-58.88,0
DC4,58,1.9,1.6,38.7,0.63,6.84,-39.74,43,1.3,1.1,40.68,0.75,6.87,16.6,0
DCL,119,2,3.5,46.06,0.37,10.28,11.22,143,2,3.5,48.36,0.44,11.57,9.18,0
DCL,142,3,1.5,42.62,0.4,12.5,5.01,119,2,3.5,46.06,0.37,10.28,11.22,0
DCM,760,1.1,1.5,27.43,0.87,8.76,74.49,550,0.5,0.9,39.97,0.69,6.08,33.72,0
DCM,1975,2.5,1.6,32.46,0.89,18.5,71.48,760,1.1,1.5,27.43,0.87,8.76,74.49,0
DGC,1021,2,1.5,30.79,1.06,15.2,59.31,627,0.9,1.1,26.9,1.08,11.24,66.69,0
DGC,2651,4.4,2.1,25.68,1.12,26.32,119.74,1021,2,1.5,30.79,1.06,15.2,59.31,0
DGW,361,3.3,1.1,62.24,4.08,2.13,43.25,258,1.1,0.6,61.54,3.53,1.92,19.39,0
DGW,852,6.4,0.7,72.79,3.2,3.13,3.13,361,3.3,1.1,62.24,4.08,2.13,43.25,0
DHA,122,1.4,7.6,9.89,0.8,25.65,225.53,84,1,7.1,9.37,0.78,20.48,145,0
DHA,112,1.5,6.9,11.86,0.63,26.71,219.05,122,1.4,7.6,9.89,0.8,25.65,225.53,0
DHC,449,2.7,1.1,38.92,1.26,13.57,53.43,250,1.8,1,47.09,0.68,12.73,19.3,0
DHC,528,3.4,1.2,29.32,1.73,11.55,45.03,449,2.7,1.1,38.92,1.26,13.57,53.43,0
DHG,835,3.6,3.3,19.76,0.84,19.68,93.97,736,3.3,3.4,18.54,0.94,16.19,108.97,0
DHG,876,3.8,3.5,17.86,0.87,19.39,54.79,835,3.6,3.3,19.76,0.84,19.68,93.97,0
DHM,-69,1.1,0.5,46.44,1.75,-8.7,6.64,17,0.3,0.7,37.08,1.95,0.45,10.43,0
DHM,76,1.1,1.1,35.63,2.6,4.87,9.42,-69,1.1,0.5,46.44,1.75,-8.7,6.64,0
DIG,937,2.3,0.5,59.5,0.21,29.03,-7.16,508,1.4,0.9,51.09,0.26,17.58,-5.85,0
DIG,1378,6.5,1.6,54.46,0.15,38.54,-21.43,937,2.3,0.5,59.5,0.21,29.03,-7.16,0
DLG,-423,0.2,0.7,69.54,0.25,-45.72,5.5,401,0.2,1.2,60.17,0.33,-0.24,6.54,1
DLG,401,1.3,0.7,67.21,0.22,0.78,5.3,-423,0.2,0.7,69.54,0.25,-45.72,5.5,1
DMC,225,1.5,6.7,10.18,0.99,12.4,-30.2,292,1.8,3.9,18.33,0.96,15.87,39.5,0
DMC,199,1.3,4.2,15.78,0.92,10.61,63.28,225,1.5,6.7,10.18,0.99,12.4,-30.2,0
DPG,484,1.4,0.7,70.83,0.44,11.14,3.6,496,1.9,0.8,75.69,0.39,11.3,12.34,0
DPG,685,3.4,0.9,70.06,0.43,17.64,17.58,484,1.4,0.7,70.83,0.44,11.14,3.6,0
DPM,936,0.8,2.4,27.01,0.69,9.04,25.79,574,0.5,2.2,28.66,0.67,5.06,53.64,0
DPM,3868,1.5,3.1,23.03,0.92,24.81,78.5,936,0.8,2.4,27.01,0.69,9.04,25.79,0
DPR,283,1,1.9,38.41,0.3,18.63,5.93,262,0.9,2.2,39.04,0.28,18.49,25.43,0
DPR,582,1.4,3,31.99,0.3,38.87,54.81,283,1,1.9,38.41,0.3,18.63,5.93,0
DQC,27,0.5,1.4,34.47,0.67,1.91,10.08,42,0.4,1.6,35.29,0.55,3.64,4.15,0
DQC,29,0.9,1.3,33.05,0.52,3.13,-7.73,27,0.5,1.4,34.47,0.67,1.91,10.08,0
DRC,341,1.5,0.7,30.56,1.5,7.02,114.8,353,1.5,0.2,39.73,1.42,6.51,37.73,0
DRC,373,2.1,0.5,43.43,1.4,6.64,-4.99,341,1.5,0.7,30.56,1.5,7.02,114.8,0
DRH,66,1.2,0.6,65.97,0.03,65.38,-7.58,93,0.3,0.5,65.41,0.16,15.03,17.56,0
DRH,69,3.2,0.5,68.48,0.03,17.33,-0.16,66,1.2,0.6,65.97,0.03,65.38,-7.58,0
DRL,64,3.3,9.4,7.48,0.66,60.82,500,59,4,3.4,19.85,0.66,62.22,200,0
DRL,63,4.5,7.6,8.89,0.71,58.33,441.67,64,3.3,9.4,7.48,0.66,60.82,500,0
DSN,48,2.6,15.7,8.04,0.38,48.81,-61.11,120,2.6,9.7,10.14,0.79,43.38,257.14,0
DSN,29,3.3,10.7,8.96,0.12,96,77.78,48,2.6,15.7,8.04,0.38,48.81,-61.11,0
DTA,0,0.5,0.8,65.61,0.08,-9.3,9.4,11,0.5,0.8,59.48,0.11,11.32,-2.17,0
DTA,17,2.2,0.6,71,0.16,9.17,2.11,0,0.5,0.8,65.61,0.08,-9.3,9.4,0
DTL,99,0.7,0.2,58.38,0.82,1.06,29.48,-51,1.5,0.2,64.59,0.9,-5.57,4.38,0
DTL,94,2.6,0.2,43.61,0.73,4.06,60.02,99,0.7,0.2,58.38,0.82,1.06,29.48,0
DTT,12,0.8,1.4,26.19,0.93,5.73,77.27,11,0.8,1.2,27.81,0.99,4.19,68.09,0
DTT,6,1.2,1.3,20.39,1.03,1.91,12.9,12,0.8,1.4,26.19,0.93,5.73,77.27,0
DVP,290,1.2,9.1,8.09,0.37,45.95,158.41,302,1.1,7.9,8.37,0.44,44.29,251.4,0
DVP,339,1.6,9.2,8.41,0.41,45.48,186.51,290,1.2,9.1,8.09,0.37,45.95,158.41,0
DXG,336,1.4,0.9,61.03,0.12,-6.02,-5.48,2588,1.1,1.4,53.58,0.29,32.44,-15.45,0
DXG,2984,2.4,1.1,52.64,0.36,15.81,8.24,336,1.4,0.9,61.03,0.12,-6.02,-5.48,0
DXV,0,0.3,3.7,16.67,1.41,0,-45.45,-7,0.3,3.1,20.14,1.79,-2.81,21.43,1
DXV,2,0.8,4.7,14.62,1.49,0,-36.84,0,0.3,3.7,16.67,1.41,0,-45.45,1
ELC,45,0.6,1.5,43.06,0.54,3.87,41.09,41,0.4,1.6,41.76,0.62,3.54,8.98,0
ELC,63,1.5,2.8,24.19,0.58,7.59,-35.02,45,0.6,1.5,43.06,0.54,3.87,41.09,0
EMC,9,1.8,0.6,64.85,1.36,0.32,4.04,7,1.3,0.4,53.22,1.24,0.24,-19.78,0
EMC,11,1.6,0.6,77.9,0.84,0.48,-22.49,9,1.8,0.6,64.85,1.36,0.32,4.04,0
EVE,70,0.5,4.9,30.23,0.63,4.91,38.39,108,0.4,3.5,38.95,0.65,7.17,8.51,0
EVE,96,0.7,2.3,24.03,0.68,6.93,-17.38,70,0.5,4.9,30.23,0.63,4.91,38.39,0
EVG,25,1.9,1.3,27.79,0.75,2.47,18.53,25,0.4,1.8,14.61,0.69,3.08,7.26,0
EVG,30,3,3.3,22.86,0.48,2.48,-73.28,25,1.9,1.3,27.79,0.75,2.47,18.53,0
FCM,46,0.5,2,30.25,0.71,4.9,23.67,74,0.5,1.4,37.09,0.83,6.26,48.51,0
FCM,26,1,2.1,29.9,0.74,2.17,22.41,46,0.5,2,30.25,0.71,4.9,23.67,0
FCN,264,0.9,1.2,63.08,0.47,4.25,2.08,360,0.6,1.4,56.53,0.55,6.86,-0.91,0
FCN,256,1.6,1,60.93,0.46,2.04,-2.41,264,0.9,1.2,63.08,0.47,4.25,2.08,0
FDC,-14,0.9,1,40.61,0.19,-13.68,0.25,80,1.1,1,35.82,0.47,14.8,-15.54,0
FDC,23,1,3.6,20.12,0.23,4.84,6.17,-14,0.9,1,40.61,0.19,-13.68,0.25,0
FIR,47,2.2,1.6,32.49,0.27,24.67,-3.91,115,1.8,1.3,31.49,0.58,31.45,62.99,0
FIR,79,2.8,2,36.75,0.34,25.75,-24.3,47,2.2,1.6,32.49,0.27,24.67,-3.91,0
FIT,322,1.6,2.9,21.46,0.2,18.92,-0.7,149,1.6,4.2,23.41,0.22,6.99,5.9,0
FLC,984,0.3,1,64.52,0.36,2.28,1.66,1305,0.4,1,63.62,0.49,4.41,4.71,0
FMC,251,1.9,1,36.82,2.58,5.12,6.67,253,1.6,0.9,38.26,2.44,6.2,95.7,0
FMC,303,1.9,1.7,26.78,1.93,5.52,24.62,251,1.9,1,36.82,2.58,5.12,6.67,0
FPT,5648,2.9,1.1,55.42,0.71,14.83,27.41,5024,2.7,1.1,49.69,0.83,14.11,23.5,0
FPT,6821,4.6,1.1,60.11,0.66,15,18.09,5648,2.9,1.1,55.42,0.71,14.83,27.41,0
FRT,686,4.7,0.6,84.43,2.09,1.97,-16.19,142,2.1,0.8,77.25,2.72,0.07,36.47,0
FTM,-129,4.5,0.6,93.56,0.17,-96.55,6.35,-110,0.2,0.9,78.99,0.05,-246.91,-4.76,1
GAB,3,18.1,1.7,27.68,1.57,0.28,-38.71,23,1.4,2.7,17.86,0.96,8.51,-17.14,0
GAB,6,17.9,1.3,43.79,1.46,0.47,-40.16,3,18.1,1.7,27.68,1.57,0.28,-38.71,0
GAS,10079,3.2,3.9,21.69,1.01,12.43,53.47,15266,3.4,4,20.21,1.21,16.11,100.93,0
GAS,11509,3.5,2.9,33.74,1,11.21,28.58,10079,3.2,3.9,21.69,1.01,12.43,53.47,0
GDT,101,2.4,1.8,32.08,1,20,56.25,94,1.5,2.4,28.17,0.88,21.64,63.3,0
GDT,77,4,1.2,30.45,0.89,17.99,29.31,101,2.4,1.8,32.08,1,20,56.25,0
GEG,663,1.8,1.5,55.38,0.19,19.76,9.78,549,2.8,1,61.87,0.17,25.11,-7.96,0
GEG,753,2.1,1.3,70.03,0.11,23.53,29.1,663,1.8,1.5,55.38,0.19,19.76,9.78,0
GEX,1963,2,0.9,69.74,0.66,5.46,1.97,1736,2.1,0.7,59.19,0.72,5.56,9.28,0
GEX,3182,2.8,0.8,66.5,0.47,5.83,-6.18,1963,2,0.9,69.74,0.66,5.46,1.97,0
GIL,410,1.8,1.2,52.38,1.28,8.94,17.69,231,0.7,0.9,55.95,1.34,6.34,29.28,0
GIL,449,2.5,1.2,57.22,1.1,7.98,5.29,410,1.8,1.2,52.38,1.28,8.94,17.69,0
GMC,73,0.8,1.4,46.12,1.21,3.12,22.7,143,1,0.9,53.06,1.7,5.95,37.36,0
GMC,58,1,5.1,15.11,1.29,4.13,117.6,73,0.8,1.4,46.12,1.21,3.12,22.7,0
GMD,660,1.6,0.7,32.94,0.26,16.88,20.22,850,1.1,0.6,35.11,0.26,23.23,29.75,0
GMD,925,2.2,0.7,34.36,0.3,22.49,26.17,660,1.6,0.7,32.94,0.26,16.88,20.22,0
GSP,84,1.1,1.6,47.43,1.76,3.88,33.17,74,1,1.7,49.83,1.54,3.74,28,0
GSP,79,1.3,1.6,49.35,1.26,3.43,6.24,84,1.1,1.6,47.43,1.76,3.88,33.17,0
GTA,36,0.7,1.2,66.73,1.12,3.17,7.08,38,0.6,1,69.33,1.2,2.71,-1.31,0
GTA,31,1,1.1,64.1,1.09,3.13,-11.33,36,0.7,1.2,66.73,1.12,3.17,7.08,0
GTN,250,1,2.6,11.33,0.68,8.74,60.55,11,1.5,2.5,11.65,0.74,0.24,58,1
GVR,6637,2.5,1.8,35.94,0.26,24.04,-2.95,5316,0.8,1.8,35.56,0.25,19.35,13.43,0
GVR,6821,3,1.8,34.26,0.33,20.39,14.48,6637,2.5,1.8,35.94,0.26,24.04,-2.95,0
HAG,-1097,1,0.4,73.09,0.09,-75.01,-6.48,-742,0.5,0.3,65,0.06,-92,-11.63,1
HAG,841,2.7,1,74.65,0.11,6.1,-4.65,-1097,1,0.4,73.09,0.09,-75.01,-6.48,1
HAH,193,0.8,2,36.23,0.57,12.33,36.5,173,0.5,2.1,31.35,0.61,11.99,32.11,0
HAH,694,2.2,2,41.15,0.6,28.18,59.4,193,0.8,2,36.23,0.57,12.33,36.5,0
HAI,33,0.3,2.9,27.06,0.18,1.13,25.41,145,0.3,2.1,37.48,0.48,0.91,10.59,0
HAI,-643,1.1,2.1,35.06,0.27,-109.03,4.29,33,0.3,2.9,27.06,0.18,1.13,25.41,0
HAP,37,0.9,3.9,11.26,0.41,10.15,24.18,28,0.2,2.6,15.15,0.46,5.31,28.46,0
HAP,55,2.1,4.8,9.59,0.62,8.43,-20.78,37,0.9,3.9,11.26,0.41,10.15,24.18,0
HAR,17,0.5,1.6,17.92,0.13,1.26,28.32,20,0.4,14.2,7.65,0.14,4.29,52.87,0
HAR,58,1.3,2.7,14.67,0.03,83.72,-3.26,17,0.5,1.6,17.92,0.13,1.26,28.32,0
HAS,5,0.4,2.8,29.35,0.76,1.97,25.42,6,0.3,2.4,34.68,0.78,2.87,25.97,1
HAS,7,0.6,2.8,30.05,0.98,1.52,-14.75,5,0.4,2.8,29.35,0.76,1.97,25.42,1
HAX,199,1.3,0.5,56.57,4.52,2.24,60.55,122,1.2,0.5,71.51,3.16,0.99,6.6,0
HAX,220,2.5,0.6,44.4,4.35,2.88,59.26,199,1.3,0.5,56.57,4.52,2.24,60.55,0
HBC,431,1.1,1,73.33,0.72,0.75,-2.55,849,0.7,1,76.32,1.11,2.18,-5.53,0
HBC,448,2.1,1.1,75.53,0.69,0.85,4.5,431,1.1,1,73.33,0.72,0.75,-2.55,0
HCD,8,0.2,1.8,26.35,1.07,0.2,-1.64,26,0.2,2.1,24.95,1.56,2.81,24.56,0
HCD,60,1,1.5,32.31,1.32,6.42,2.79,8,0.2,1.8,26.35,1.07,0.2,-1.64,0
HCM,1430,2.8,1.4,69.94,0.18,25.72,-18.01,660,2.4,1.5,64.44,0.18,23.58,-57.54,0
HDC,327,2.3,0.3,65.73,0.25,27.53,12.65,201,1.6,0.7,53.02,0.33,17.7,6.28,0
HDC,433,5.6,0.6,60.71,0.36,23,-13.48,327,2.3,0.3,65.73,0.25,27.53,12.65,0
HDG,1902,2.1,0.6,71.34,0.36,25.09,14.4,1618,1.8,0.4,76.35,0.31,25.72,7.16,0
HDG,2030,3.1,0.6,66.08,0.24,35.58,10.07,1902,2.1,0.6,71.34,0.36,25.09,14.4,0
HHP,41,2,0.9,53.8,0.96,4.79,20.82,30,1.8,1,44.62,0.97,4.35,-22.35,0
HHP,61,2.2,1.3,44.86,1.13,4.68,-2.23,41,2,0.9,53.8,0.96,4.79,20.82,0
HHS,306,0.5,3.5,5.19,0.15,47.27,394.15,226,0.3,16,5.4,0.16,33.05,-48.98,0
HHS,249,0.9,1.9,7.57,0.12,45.74,-25.39,306,0.5,3.5,5.19,0.15,47.27,394.15,0
HHV,658,0.8,0.4,77.22,0.04,14.65,-0.05,405,0.6,0.7,76.73,0.02,32.49,0.99,0
HHV,884,1.2,0.4,77.4,0.05,15.64,0.62,658,0.8,0.4,77.22,0.04,14.65,-0.05,0
HID,-81,0.4,2.3,56.08,0.24,-32.76,58.71,19,0.2,1.2,54.86,0.18,4.9,1.27,0
HID,121,1.6,2,48.4,0.2,29.45,-13.26,-81,0.4,2.3,56.08,0.24,-32.76,58.71,0
HII,98,1.8,0.9,62.55,2.67,1.3,-19.02,120,0.6,0.9,67.94,2.65,1.17,-0.76,0
HII,156,2.3,0.9,70.82,3.72,1.26,-5.46,98,1.8,0.9,62.55,2.67,1.3,-19.02,0
HMC,94,0.6,0.6,57.45,4.07,1.85,2.92,48,0.6,0.6,62.89,4.71,0.24,41.5,0
HMC,189,0.9,0.4,61.57,3.04,3.71,2.32,94,0.6,0.6,57.45,4.07,1.85,2.92,0
HNG,604,1.9,0.4,64.82,0.1,0.88,-0.16,-1804,1.6,0.2,58.17,0.08,-134.95,-13.53,1
HNG,-995,2.3,0.3,57.22,0.09,-93.33,-19.78,604,1.9,0.4,64.82,0.1,0.88,-0.16,1
HOT,-25,3.6,2.4,12.36,0.43,-65.79,-254.55,16,3.4,2.4,20,1.26,7.1,93.1,1
HOT,-21,5.1,0.7,25,0.34,-80.77,-42.11,-25,3.6,2.4,12.36,0.43,-65.79,-254.55,1
HPG,17549,2.3,0.6,54.97,0.69,14.99,16.03,10034,1.3,0.4,53.05,0.63,11.9,14.29,0
HPG,39583,2.3,0.7,49.07,0.84,23.06,30.55,17549,2.3,0.6,54.97,0.69,14.99,16.03,0
HPX,340,2.3,1.1,50.93,0.18,7.37,-19.56,747,1.8,0.8,56.18,0.5,13.2,36.07,0
HPX,635,3,0.8,63.18,0.15,20.18,-49.26,340,2.3,1.1,50.93,0.18,7.37,-19.56,0
HQC,53,0.2,1.1,37.79,0.08,1.86,6.45,105,0.1,1.8,35.54,0.1,6.25,0.59,0
HQC,41,1,0.8,53.46,0.03,1.43,45.59,53,0.2,1.1,37.79,0.08,1.86,6.45,0
HRC,27,2.9,0.8,49.48,0.18,4.76,0.95,22,2.1,0.7,49.39,0.15,4.97,41.49,0
HRC,38,2.9,0.3,35.02,0.22,11.89,-78.11,27,2.9,0.8,49.48,0.18,4.76,0.95,0
HSG,2340,1.7,0.5,59.17,1.73,5.13,22.6,1305,0.6,0.3,66.26,1.62,1.81,30.88,0
HSG,5319,1.7,0.5,50.77,2.47,7.74,18.1,2340,1.7,0.5,59.17,1.73,5.13,22.6,0
HSL,18,1.2,2.4,19.88,0.93,5.25,-3.08,12,0.8,7.9,5.38,0.93,4.94,192.86,0
HT1,949,1.2,0.3,46.29,0.79,7.64,26.87,1166,1,0.3,47.86,0.86,8.38,24.55,0
HT1,562,1.6,0.2,41.26,0.8,5.22,20.22,949,1.2,0.3,46.29,0.79,7.64,26.87,0
HTI,177,0.7,1.4,72.68,0.23,16.27,11.04,134,0.5,1.3,73.85,0.22,18.47,13.12,0
HTI,134,0.9,0.2,70.31,0.21,10.78,7.86,177,0.7,1.4,72.68,0.23,16.27,11.04,0
HTL,29,1,0.7,48.33,2.17,2.94,41.38,30,0.9,0.5,48.95,2.17,2.55,38.71,0
HTL,36,1.2,0.9,40.24,2.68,2.98,40.44,29,1,0.7,48.33,2.17,2.94,31.61,0
HTN,567,1.7,0.8,81.69,0.82,7.84,-10.09,313,1.7,0.7,85.93,0.71,5.08,-5.09,0
HTN,476,2.5,1,80.22,0.8,3.91,-3.53,567,1.7,0.8,81.69,0.82,7.84,-10.09,0
HTV,33,0.5,4,19.14,0.67,9.57,22.5,37,0.5,3.4,21.31,0.64,10.66,32.97,0
HTV,22,0.5,3.9,21.04,0.7,6.04,53.93,33,0.5,4,19.14,0.67,9.57,22.5,0
HU1,12,0.6,0.6,83.51,0.43,1.26,15,15,0.5,0.8,84.11,0.55,1.39,16.74,1
HU1,10,1,1,77.53,1.2,-0.5,5.84,12,0.6,0.6,83.51,0.43,1.26,15,0
HU3,6,0.5,1,42.75,0.45,0.84,31.25,31,0.4,0.8,58.29,1.23,3.57,-14.67,1
HU3,2,0.6,1,57.06,0.45,0.65,-19.19,6,0.5,1,42.75,0.45,0.84,31.25,0
HUB,81,1.1,1.3,39.79,0.6,15.79,13.91,83,0.7,1.3,43.03,0.64,15.32,3.17,0
HUB,75,1.5,1.2,39.14,0.56,14.16,30.97,81,1.1,1.3,39.79,0.6,15.79,13.91,0
HVH,30,1.2,1.2,32.41,0.86,5.93,9.87,58,1.6,3,22.57,1.38,8.75,79.07,0
HVH,15,1.1,1.2,35.79,0.43,3.57,-30.74,30,1.2,1.2,32.41,0.86,5.93,9.87,0
HVN,-10034,7.8,0.2,90.29,0.65,-27.57,-11.43,4844,3.3,0.5,75.66,1.28,2.58,15.25,1
HVN,-12158,34,0.2,99.17,0.44,-47.58,-10.81,-10034,7.8,0.2,90.29,0.65,-27.57,-11.43,0
HVX,20,0.3,0.1,44.43,0.81,0.63,11.68,32,0.3,0.2,49.54,1.01,0.57,20.61,0
HVX,11,0.8,0.1,43.6,0.88,0.15,7.78,20,0.3,0.1,44.43,0.81,0.63,11.68,0
IBC,162,2.3,0.8,67.93,0.59,3.84,-25.67,145,2.2,0.5,67.84,0.57,4.19,27.25,0
IBC,307,1.9,1.4,66.44,0.37,5.54,9.17,162,2.3,0.8,67.93,0.59,3.84,-25.67,0
ICT,100,0.8,1.1,66.14,1,2.82,24.73,117,1.1,1,67.7,0.73,4.3,9.71,0
IDI,398,0.6,0.9,61.12,0.83,1.68,-0.66,498,0.4,0.9,61.41,1.03,4.22,-3.39,0
IDI,407,1.1,1,58.39,0.76,2.5,5.78,398,0.6,0.9,61.12,0.83,1.68,-0.66,0
IJC,525,2.4,0.3,68.83,0.32,17.28,12.25,401,1.6,0.2,75.73,0.21,17.75,18.86,0
IJC,886,2,0.4,50.89,0.38,23.87,-27.82,525,2.4,0.3,68.83,0.32,17.28,12.25,0
ILB,121,1.8,1.1,66.71,0.37,14.53,18.29,119,1.5,0.8,69.28,0.32,15.13,19.36,0
IMP,260,2.1,1.6,17.46,0.65,15.34,19.95,206,1.5,1.6,15.59,0.76,11.55,23.26,0
IMP,244,2.8,1.7,21.79,0.55,14.92,47,260,2.1,1.6,17.46,0.65,15.34,19.95,0
ITA,273,0.6,1.1,20.19,0.05,27.58,6.13,292,0.3,1,20.35,0.1,15.76,18.1,0
ITA,343,1.4,1.1,16.91,0.07,28.43,21.92,273,0.6,1.1,20.19,0.05,27.58,6.13,0
ITC,211,0.7,0.3,55.96,0.21,14.75,3.65,123,0.7,0.3,56.13,0.11,25.28,0.91,0
ITC,234,1.1,0.3,51.36,0.17,19.36,8,211,0.7,0.3,55.96,0.21,14.75,3.65,0
ITD,58,0.7,1.4,46.2,0.87,9.45,5.71,27,0.6,1.7,39.45,0.79,4.46,-4.95,1
ITD,36,1.2,1.7,43.8,0.7,6.12,-3.77,58,0.7,1.4,46.2,0.87,9.45,5.71,0
JVC,-62,1.4,1.7,27.02,0.63,-15.09,56.5,11,0.7,1.8,24.58,0.73,2.29,1.14,1
JVC,-22,2.5,1.6,30.4,0.6,-6.67,-43.65,-62,1.4,1.7,27.02,0.63,-15.09,56.5,1
KBC,648,1.4,1.4,55.21,0.09,14.88,-22.18,1560,0.9,1.6,36.83,0.2,32.43,25.43,0
KBC,1845,2.5,2.2,47.16,0.14,22.47,-8.54,648,1.4,1.4,55.21,0.09,14.88,-22.18,0
KDC,540,1.6,1.1,37.65,0.67,3.96,2.09,437,0.8,1.5,31.65,0.6,2.87,7.92,0
KDC,866,2,0.8,51.01,0.75,6.22,-0.29,540,1.6,1.1,37.65,0.67,3.96,2.09,0
KDH,1458,2.1,1.4,41.45,0.33,25.46,2.82,1192,1.9,1.2,42.1,0.21,32.6,-2.94,0
KDH,1556,3.3,2.5,28.88,0.26,32.24,-48.42,1458,2.1,1.4,41.45,0.33,25.46,2.82,0
KHP,125,0.6,1,67.32,2.25,0.98,17.94,124,0.6,0.8,67.67,2.7,0.95,3.12,0
KHP,114,1.8,1.1,68.27,2.03,1.1,10.51,125,0.6,1,67.32,2.25,0.98,17.94,0
KMR,18,0.3,0.4,45.7,0.38,0,10.1,22,0.3,0.4,39.7,0.55,0.73,5.32,0
KMR,36,0.9,0.4,42.51,0.46,3.64,1.75,18,0.3,0.4,45.7,0.38,0,10.1,0
KOS,62,4.5,1.1,47.32,0.6,1.68,-33.37,39,3.8,1.9,40.44,0.56,1.88,-25.65,0
KOS,56,3.1,1.4,41.57,0.29,2.08,-17.82,62,4.5,1.1,47.32,0.6,1.68,-33.37,0
KPF,31,3.7,0.4,80.45,0.03,65,-7.85,39,4.4,0.3,72.38,0.4,9.06,-27.21,0
KPF,88,1.5,62.7,29.41,0.05,140.74,260.63,31,3.7,0.4,80.45,0.03,65,-7.85,0
KSB,501,1.4,1.7,59.64,0.34,24.81,19.52,491,0.7,1.4,67.44,0.33,25.11,23.18,0
KSB,396,1.9,1.7,55.13,0.22,28.62,2,501,1.4,1.7,59.64,0.34,24.81,19.52,0
L10,30,0.7,1.1,76.01,1.15,1.5,-9.09,38,0.5,1,79.41,1.12,1.35,35.87,0
L10,29,1.1,1,80.11,0.85,1.4,22.75,30,0.7,1.1,76.01,1.15,1.5,-9.09,0
LAF,27,1,1.2,41.53,1.29,5.93,64.62,23,1.1,0.6,23.56,2.25,3.84,0,0
LAF,47,1.8,0.9,29.64,1.48,9.64,2.41,27,1,1.2,41.53,1.29,5.93,64.62,0
LBM,84,1,2,16.19,1.34,11.26,147.95,77,0.8,1.8,15,1.47,10.36,130,0
LBM,101,1.9,1.4,20.04,1.45,10.41,151.38,84,1,2,16.19,1.34,11.26,147.95,0
LCG,478,1.1,1,69.9,0.58,8.82,11.32,335,0.7,0.8,66.35,0.54,7.65,-1.47,0
LCG,333,1.6,1.1,58.85,0.31,10.04,9.34,478,1.1,1,69.9,0.58,8.82,11.32,0
LCM,2,1.3,1.5,8.8,0.04,20,22.73,-1,0.1,4.2,9.2,0.12,-3.23,60.87,0
LDG,44,0.6,1.2,43.87,0.25,0.94,-4,759,0.7,0.9,46.6,0.13,76.82,-64.95,0
LDG,230,1.6,1.5,52.58,0.05,43.93,-26.58,44,0.6,1.2,43.87,0.25,0.94,-4,0
LEC,25,1.1,1,63.29,0.59,0.18,-7.76,22,1.3,1,68.09,0.45,0,-2.72,0
LEC,32,1.1,1.1,59.39,0.54,0.56,-3.93,25,1.1,1,63.29,0.59,0.18,-7.76,0
LGC,698,4.3,0.8,62.67,0.06,71.77,2.43,551,2.5,0.4,65.35,0.06,76.44,2.3,0
LGC,486,2.8,0.8,61.5,0.07,34.22,4.61,698,4.3,0.8,62.67,0.06,71.77,2.43,0
LGL,61,0.5,0.8,58.35,0.09,2.34,14.88,166,0.7,0.7,57.13,0.72,5.37,44.23,0
LGL,64,1.1,0.8,56.07,0.07,4,2.1,61,0.5,0.8,58.35,0.09,2.34,14.88,0
LHG,262,1.2,1.3,50.62,0.25,30.9,16.79,184,0.6,1.4,46.71,0.27,23.87,1.44,0
LHG,391,1.7,1.7,48.54,0.27,37.85,34.11,262,1.2,1.3,50.62,0.25,30.9,16.79,0
LIX,296,2.5,0.7,37.33,2.85,7.93,33.68,229,2.3,1.2,38.13,2.82,7.09,48.54,0
LIX,215,2,0.9,35.87,2.24,6.39,50.84,296,2.5,0.7,37.33,2.85,7.93,33.68,0
LM8,70,0.3,0.5,81.55,0.86,0.44,14.31,93,0.6,0.5,84.8,0.91,0.8,-6.28,0
LM8,65,0.5,0.6,78.02,1.06,0.98,7.74,70,0.3,0.5,81.55,0.86,0.44,14.31,0
LSS,38,0.4,0.6,35.05,0.62,1.03,24.66,63,0.2,0.6,32.54,0.77,1.22,51.39,0
MCG,4,0.5,0.7,75.1,0.13,-0.8,0.54,19,0.4,0.6,73.16,0.07,3.36,3.46,1
MCG,-36,2.9,0.9,70.81,0.27,-21.26,3.07,4,0.5,0.7,75.1,0.13,-0.8,0.54,0
MCP,35,1.6,1.3,42.63,1.84,2.76,-2.52,2,1,1.5,35,0.9,0.37,43.81,0
MCP,32,1.9,1.2,33.23,1.29,5.34,-0.9,35,1.6,1.3,42.63,1.84,2.76,-2.52,0
MDG,14,0.7,1.1,57.02,0.78,3.32,14.57,19,0.8,1.1,60.95,1.14,2.77,-18.61,0
MDG,24,0.9,1.2,57.07,0.57,7.58,1.9,14,0.7,1.1,57.02,0.78,3.32,14.57,0
MHC,34,0.6,9.6,40.28,0.03,-4.35,2.57,36,0.2,3.1,31.21,0.04,27.27,36.6,0
MHC,102,1,4.3,61.42,0.02,204.17,-1.55,34,0.6,9.6,40.28,0.03,-4.35,2.57,0
MSH,298,1.3,1.2,45.13,1.45,6.08,14.59,570,1.8,1,51.83,1.72,10.2,46.62,0
MSH,553,2.6,1,53.29,1.48,9.31,11.72,298,1.3,1.2,45.13,1.45,6.08,14.59,0
MSN,6095,6.5,0.4,78.37,0.67,1.81,1.49,8971,1.5,0.5,46.67,0.38,17.04,11.24,0
MSN,16158,6.1,0.9,66.42,0.7,11.4,1.37,6095,6.5,0.4,78.37,0.67,1.81,1.49,0
MWG,6004,3.7,0.6,66.37,2.36,3.61,35.33,5621,4.4,0.3,70.89,2.45,3.75,-4.35,0
MWG,7146,4.9,0.5,67.64,1.95,3.99,0.4,6004,3.7,0.6,66.37,2.36,3.61,35.33,0
NAF,107,1.6,1.3,51.01,0.78,5.07,4.99,84,2.4,1.4,46.38,0.82,4.61,-48.98,0
NAF,122,1.5,1.3,49.46,0.98,4.83,13.2,107,1.6,1.3,51.01,0.78,5.07,4.99,0
NAV,27,1.1,1.9,38.12,0.39,35.21,-10.14,14,0.9,1.5,43.32,0.56,13.33,19.75,0
NAV,20,1.6,2,43.65,0.34,29.51,-30.38,27,1.1,1.9,38.12,0.39,35.21,-10.14,0
NBB,462,1.3,0.6,56.81,0.86,9.34,13.17,433,0.8,0.4,61.87,0.06,104.83,6.76,0
NBB,520,2.5,0.4,58.14,0.13,55.4,-4.05,462,1.3,0.6,56.81,0.86,9.34,13.17,0
NCT,257,3.8,3.8,18.53,1.33,30.94,273.12,276,2.8,5.5,12.14,1.19,31.47,260.56,0
NCT,281,4.2,4.4,17.51,1.34,30.19,226.8,257,3.8,3.8,18.53,1.33,30.94,273.12,0
NHA,42,1.9,2.3,11.01,0.51,22.22,-77.14,86,0.5,5.1,8.55,0.63,40,239.13,0
NHA,3,8,0.5,43.87,0.24,1.64,-19.37,42,1.9,2.3,11.01,0.51,22.22,-77.14,0
NHH,160,5,0.6,62.46,0.63,10.53,19.47,87,3.2,0.8,57.25,1.07,4.62,-18.21,0
NHH,139,3.5,0.6,65.47,1.1,3.45,-6.6,160,5,0.6,62.46,0.63,10.53,19.47,0
NHT,95,3.3,0.4,59,1,8.24,5.76,52,3.3,0.6,62.15,0.57,19.64,9.47,0
NHT,77,2.4,0.3,56.4,1.07,5.81,12.07,95,3.3,0.4,59,1,8.24,5.76,0
NKG,543,0.8,0.5,59.02,1.49,2.55,0.35,327,0.4,0.4,62.6,1.51,0.39,23.4,0
NKG,2806,1.4,0.4,62.83,1.83,7.9,-3.18,543,0.8,0.5,59.02,1.49,2.55,0.35,0
NLG,1068,1.8,0.8,50.74,0.16,38.34,-16.05,1246,1.8,1.2,43.14,0.23,39.55,6.91,0
NLG,1742,2.7,1,42.72,0.22,28.39,12.84,1068,1.8,0.8,50.74,0.16,38.34,-16.05,0
NNC,137,2.9,1.5,25,1.06,27.61,120,152,3.1,1.6,24.29,1.33,23.84,98.94,0
NNC,45,2,2.4,14.97,0.45,24.53,124.53,137,2.9,1.5,25,1.06,27.61,120,0
NSC,226,1.1,1,33.3,0.91,11.93,29,250,1.4,1,36.14,0.86,13.64,36.31,0
NSC,263,1.1,1,32.45,1,11.72,21.21,226,1.1,1,33.3,0.91,11.93,29,0
NT2,701,1.4,0.8,32.66,0.95,10.28,58.64,885,1.2,0.7,45.44,1.01,9.85,55.78,0
NT2,586,1.6,0.9,36.08,0.93,8.68,44.94,701,1.4,0.8,32.66,0.95,10.28,58.64,0
NTL,371,1.1,0.9,35.69,0.36,45.18,52.01,302,1.1,0.8,34.2,0.51,28.02,31.17,0
NTL,302,1.9,1.1,34.52,0.31,41.25,50.62,371,1.1,0.9,35.69,0.36,45.18,52.01,0
NVL,5215,2.8,0.9,77.91,0.03,77.74,-3.1,5418,3.8,0.7,72.81,0.12,30.99,4.69,0
NVL,5600,5.1,0.9,79.6,0.07,23.18,2.39,5215,2.8,0.9,77.91,0.03,77.74,-3.1,0
NVT,30,1.7,2.1,24.49,0.39,9,32.06,70,2,1.5,33.6,0.44,19.42,32.38,1
NVT,-47,5,1.1,50,0.12,-48.82,4.79,30,1.7,2.1,24.49,0.39,9,32.06,1
OGC,-262,8.4,1.3,65.43,0.14,-68.46,-5.73,245,5.1,1.2,67.15,0.24,22.68,1.66,0
OPC,138,2.3,0.6,38.33,0.84,10.66,28.05,139,1.8,0.6,41.69,0.84,10.21,11.38,0
OPC,164,2.2,0.7,39.98,0.91,10.94,38.59,138,2.3,0.6,38.33,0.84,10.66,28.05,0
ORS,450,2.4,8,54.41,0.28,15.68,-124.34,145,1.6,9.1,56.3,0.18,22.82,-56.06,0
PAC,251,1.7,0.6,69.58,1.23,5.04,13.47,271,1.6,0.6,73.06,1.24,5.42,10.47,0
PAC,268,1.8,0.7,65,1.23,5.71,15.01,251,1.7,0.6,69.58,1.23,5.04,13.47,0
PAN,663,1.9,1.3,45.55,0.73,4,-4.34,687,1.2,1.4,42.91,0.73,5.79,-0.09,0
PAN,780,1.9,1.3,49.55,0.62,5.52,-19.17,663,1.9,1.3,45.55,0.73,4,-4.34,0
PC1,894,1.3,1.3,55.51,0.62,8.14,10.64,604,0.8,1.1,55.56,0.7,6.43,-7.23,0
PC1,1211,2,1,66.39,0.53,7.77,0.75,894,1.3,1.3,55.51,0.62,8.14,10.64,0
PDN,193,2,1.4,36.12,0.78,20.03,50.68,172,2.1,1.4,39.89,0.79,18.46,53.35,0
PDN,214,2.3,1.3,36.51,0.78,18.03,54.2,193,2,1.4,36.12,0.78,20.03,50.68,0
PDR,1563,4,0.4,66.74,0.25,31.19,42.07,1105,2,0.8,68.71,0.24,25.71,-10.61,0
PDR,2501,6.7,0.4,60.37,0.18,51.41,6.42,1563,4,0.4,66.74,0.25,31.19,42.07,0
PET,283,0.9,1,73.69,2.13,1.04,-0.88,253,0.4,0.9,66.98,2.02,1.27,9.38,0
PET,496,1.8,0.9,77.16,2.07,1.77,-2.29,283,0.9,1,73.69,2.13,1.04,-0.88,0
PGC,189,1.5,1.1,59.02,1.48,4.42,17.16,240,0.9,1.1,56.51,1.59,4.89,20.46,0
PGC,192,1.5,1.1,64.21,1.39,3.75,5.26,189,1.5,1.1,59.02,1.48,4.42,17.16,0
PGD,255,1.7,1.3,59.4,2.3,2.7,27.53,296,3,1.4,53.9,2.7,2.93,33.15,0
PGD,323,2,1.5,58.63,2.69,2.82,-1.28,255,1.7,1.3,59.4,2.3,2.7,27.53,0
PGV,4164,1.2,1.4,79.47,0.55,4.5,1.91,3908,0.8,1.4,83.5,0.59,2.05,3.17,0
PGV,5134,2.4,1.5,74.38,0.56,8.42,2.56,4164,1.2,1.4,79.47,0.55,4.5,1.91,0
PHC,63,1.4,0.8,80.31,0.76,0.65,17.66,160,1.1,0.8,80.89,1.55,2.04,15.18,0
PHC,113,1.2,0.8,71.74,0.38,5.88,-13.47,63,1.4,0.8,80.31,0.76,0.65,17.66,0
PHR,1432,2.5,2.5,49.37,0.25,68.93,24.29,637,2,1.6,55.56,0.28,29.77,19.7,0
PHR,617,3,2,48.42,0.32,26.38,8.74,1432,2.5,2.5,49.37,0.25,68.93,24.29,0
PIT,15,0.6,0.6,63.96,1.65,0.36,-17.84,27,0.5,0.7,59.93,3.07,0.77,38.2,1
PIT,7,1.2,0.7,64.85,2.65,-0.69,4.67,15,0.6,0.6,63.96,1.65,0.36,-17.84,1
PJT,55,0.9,0.3,54.82,1.22,4.46,25.27,58,0.9,0.3,59.67,1.23,5.01,27.27,0
PJT,47,0.8,0.4,43.53,1.18,3.51,29.31,55,0.9,0.3,54.82,1.22,4.46,25.27,0
PLP,96,1.3,0.7,65.42,1.39,2.24,-12.17,80,0.6,0.6,59.08,1.05,4.76,-16.55,0
PLP,203,2,0.6,71.19,0.92,5.06,-14.49,96,1.3,0.7,65.42,1.39,2.24,-12.17,0
PLX,2116,3.2,0.8,60.52,2.03,1.01,14.46,6439,2.8,0.8,58.03,3.07,2.47,11.67,0
PLX,4392,2.6,0.8,56.38,2.61,1.85,-1.8,2116,3.2,0.8,60.52,2.03,1.01,14.46,0
PMG,86,1.5,0.6,46.94,0.82,0.57,4.72,128,1.6,0.5,62.04,0.92,4.56,-5.43,1
PMG,-72,2.2,0.6,62.24,0.9,-6.89,-0.46,86,1.5,0.6,46.94,0.82,0.57,4.72,1
PNC,6,0.6,0.6,67,1.13,1.05,15.04,16,0.9,0.5,63.56,1.46,2.07,18.09,1
PNC,-15,1,0.6,70.25,0.82,-3.6,0.56,6,0.6,0.6,67,1.13,1.05,15.04,0
PNJ,1500,4.9,0.2,38.21,2.06,6.1,46.19,1622,4.1,0.1,46.8,1.98,7.02,-16.42,0
PNJ,1383,3.8,0.1,43.38,1.84,5.26,-15.68,1500,4.9,0.2,38.21,2.06,6.1,46.19,0
POM,433,1,0.6,68.59,0.88,0.16,12.75,53,0.4,0.6,70.38,1.02,-2.58,-2.35,0
POM,611,1.1,0.4,75.36,0.93,1.31,-4.08,433,1,0.6,68.59,0.88,0.16,12.75,0
POW,3684,1.1,0.9,42.15,0.55,8.96,34.71,4319,1,0.9,47.02,0.64,8.07,20.33,0
POW,2849,1.4,1,41.25,0.46,8.35,23.55,3684,1.1,0.9,42.15,0.55,8.96,34.71,0
PPC,1214,0.9,4.8,10.37,1.1,12.75,120.53,1542,1.1,2.8,17.79,1.13,15.41,20.68,0
PPC,177,1.5,3.3,10.9,0.71,5.58,89.39,1214,0.9,4.8,10.37,1.1,12.75,120.53,0
PSH,585,1.5,0.2,81.04,0.58,5.56,-0.45,232,1.3,0.1,83.5,0.64,0.46,-7.43,0
PTB,551,1.4,0.5,58.29,1.17,6.77,29.82,642,1.7,0.5,57.36,1.28,8.24,8.98,0
PTB,749,2,0.5,55.97,1.2,8.1,5.26,551,1.4,0.5,58.29,1.17,6.77,29.82,0
PTC,69,0.6,3.6,10.58,0,-5800,-90.91,89,0.4,2.8,13.82,0.03,620,683.33,1
PTL,2,0.9,1.8,36.21,0.04,4,-13.7,0,0.6,2,35.37,0.04,0,4.75,1
PTL,28,2.2,2,36.85,0.08,29.17,10.14,2,0.9,1.8,36.21,0.04,4,-13.7,1
PVD,323,0.5,1.5,32.67,0.25,3.52,2.41,347,0.5,1.7,33.14,0.21,3.94,-1.11,0
PVD,171,0.9,1.5,33.38,0.19,0.93,-5.43,323,0.5,1.5,32.67,0.25,3.52,2.41,0
PVT,1182,0.9,1.9,43.38,0.67,11.24,31.93,1185,1,1.5,48.25,0.71,10.58,22.22,0
PVT,1183,1.5,1.9,44.26,0.6,11.19,14.99,1182,0.9,1.9,43.38,0.67,11.24,31.93,0
PXI,-29,1.4,1.1,47.96,-0.05,157.89,4.55,-48,0.4,1.3,48.72,0.02,-625,10,1
PXS,13,1.3,0.3,74.15,0.86,0.26,-3.89,-246,1,0.4,71.33,0.34,-66.42,0,1
PXS,10,2,0.4,70.41,0.93,0.09,7.72,13,1.3,0.3,74.15,0.86,0.26,-3.89,0
QBS,-57,0.3,1.4,49.39,0.98,-8.14,6.29,-124,0.3,1.1,53.68,0.92,-12.16,9.39,0
QBS,50,0.9,1.6,51.07,1.21,0,-15.81,-57,0.3,1.4,49.39,0.98,-8.14,6.29,0
QCG,148,0.6,0.1,58.98,0.18,4.44,-0.71,145,0.3,0.1,62.5,0.08,6.76,-3.87,0
QCG,124,1.1,0.1,56.13,0.11,6.67,0.85,148,0.6,0.1,58.98,0.18,4.44,-0.71,0
RAL,483,2.1,1,73.2,1.22,6.83,0.27,235,1.8,0.9,72.31,1.41,2.94,3.21,0
RAL,555,2.2,1.1,74.61,1.06,6.97,-5.92,483,2.1,1,73.2,1.22,6.83,0.27,0
RDP,103,1,0.6,78.54,1.26,0.11,1.69,170,0.7,0.7,71.26,0.88,3.52,-9.7,1
RDP,143,1.5,0.5,77.27,1.22,1.4,-0.29,103,1,0.6,78.54,1.26,0.11,1.69,1
REE,2340,1.3,1.5,40.52,0.27,30.39,7.37,2329,1,1.5,43.42,0.25,35.17,3.74,0
REE,3063,1.6,1.5,48.6,0.18,36.75,9.86,2340,1.3,1.5,40.52,0.27,30.39,7.37,0
RIC,-99,1.9,0.1,19.67,0.09,-137.33,-35.33,-76,0.4,0.4,15.41,0.13,-65.08,15.17,1
ROS,179,0.2,1,42.69,0.17,0.06,18.46,348,1.6,1.2,43.27,0.45,3.68,-1.93,0
S4A,127,2,0.8,48.33,0.23,36.91,29.27,164,2.1,1.1,51.75,0.24,43.97,29.36,0
S4A,178,1.9,0.5,41.43,0.29,49.47,48.42,127,2,0.8,48.33,0.23,36.91,29.27,0
SAB,6176,6.1,3.5,22.5,1.02,17.66,67.03,6723,7.5,2.8,25.54,1.41,14.17,72.68,0
SAB,4906,4.4,2.9,25.89,0.87,14.9,44.58,6176,6.1,3.5,22.5,1.02,17.66,67.03,0
SAM,153,1.2,1,38.83,0.34,5.26,-24.76,224,1,0.9,44.64,0.55,3.54,51.29,0
SAM,251,2.3,1.4,39.08,0.25,8.47,-35.41,153,1.2,1,38.83,0.34,5.26,-24.76,0
SAV,59,0.8,1.1,44.95,1.7,5.09,5.62,39,0.4,0.9,47.38,1.69,2.87,41.8,0
SAV,57,1.3,1.4,44.37,1.7,4.26,10.23,59,0.8,1.1,44.95,1.7,5.09,5.62,0
SBA,149,1,0.6,38.95,0.23,34.23,23.2,152,1.1,0.6,38.44,0.2,38.74,32.44,0
SBA,158,1.2,0.8,33.95,0.24,37.14,36.82,149,1,0.6,38.95,0.23,34.23,23.2,0
SBT,1406,1.8,1,58.05,0.75,4.18,0.75,1148,1.5,0.9,55.89,0.66,2.72,13.68,0
SBT,1795,1.9,1.1,59.82,0.71,4.83,6.4,1406,1.8,1,58.05,0.75,4.18,0.75,0
SBV,94,0.6,1.3,41.49,0.57,13.24,-19.57,75,0.5,1.6,31.23,0.65,12.26,20.63,0
SBV,80,0.8,1.2,41.27,0.56,9.98,10.64,94,0.6,1.3,41.49,0.57,13.24,-19.57,0
SC5,83,0.7,0.9,83.88,0.88,1.84,2.53,83,0.9,0.9,79.37,1.32,1.52,-2.39,0
SC5,73,0.9,0.7,85.47,0.72,1.97,6.5,83,0.7,0.9,83.88,0.88,1.84,2.53,0
SCD,6,1,3.7,52.68,0.4,1.85,-13.43,22,1.1,4.5,20.65,1.08,6.37,17.65,1
SCD,-21,1.2,2,57.95,0.36,-27.27,-16.28,6,1,3.7,52.68,0.4,1.85,-13.43,1
SCR,446,0.8,1.1,57.14,0.08,21.13,5.96,494,0.5,1,56.47,0.09,26.99,-9.39,0
SCR,587,1.6,1.1,48.63,0.17,11.53,19.23,446,0.8,1.1,57.14,0.08,21.13,5.96,0
SCS,499,6.1,6.5,7.22,0.63,66.96,637.97,539,5.5,6.4,6.43,0.7,67.11,814.49,0
SCS,605,6.2,5.2,11.72,0.59,67.22,356.02,499,6.1,6.5,7.22,0.63,66.96,637.97,0
SFC,28,1.5,1.3,46.3,2.5,2.71,9.72,44,1.2,1.2,33.72,4.7,2.69,38.64,0
SFC,29,1.6,1.4,40.29,2.67,2.83,16.96,28,1.5,1.3,46.3,2.5,2.71,9.72,0
SFG,27,0.6,0.8,47.01,1.32,0.22,9.88,37,0.5,0.7,48.76,1.5,0.12,44.91,0
SFG,65,1.5,0.7,59.13,1.48,1.75,0.71,27,0.6,0.8,47.01,1.32,0.22,9.88,0
SFI,98,0.9,1.8,31.34,1.71,6.82,70.45,54,0.6,2.9,17.44,1.57,5.32,51.06,0
SFI,216,1.5,2.2,33.62,1.98,9.45,0.64,98,0.9,1.8,31.34,1.71,6.82,70.45,0
SGN,109,2.7,3.9,15.3,0.7,11.76,47.5,474,3.1,2.9,22.75,1.26,23.91,122.81,0
SGN,59,3,5.7,12.57,0.52,8.61,159.32,109,2.7,3.9,15.3,0.7,11.76,47.5,0
SGR,145,1.6,0.9,61.88,0.04,132.47,-31.96,126,1.2,0.8,66.87,0.06,74.38,-33.62,0
SGR,89,3,0.8,65.08,0.09,27.17,12.07,145,1.6,0.9,61.88,0.04,132.47,-31.96,0
SGT,38,1.3,1.3,65.85,0.19,2.77,9.29,31,0.5,0.8,63.3,0.33,1.59,2.34,0
SGT,129,4.3,1,76.39,0.16,10.14,-2.64,38,1.3,1.3,65.85,0.19,2.77,9.29,0
SHA,54,0.4,0.9,56.97,1.05,2.68,13.81,61,0.4,0.8,54.52,1.07,3.59,3.64,0
SHA,46,0.7,0.7,57.54,0.99,1.94,-10.7,54,0.4,0.9,56.97,1.05,2.68,13.81,0
SHI,281,1,0.8,70.63,1.19,1.68,7.95,274,1,0.8,68.6,1.18,2.21,-7.54,0
SHI,331,2,0.7,76.91,1.2,1.94,-5.06,281,1,0.8,70.63,1.19,1.68,7.95,0
SHP,124,1.8,0.4,38.58,0.24,14.69,33.24,305,1.5,0.8,39.9,0.31,33.59,46.51,0
SHP,321,1.6,1.1,27.06,0.36,40.27,84.88,124,1.8,0.4,38.58,0.24,14.69,33.24,0
SII,-7,1.1,0.3,40.66,0.08,-56.35,-5.21,156,0.9,0.8,44.68,0.06,18.23,-5.03,1
SII,14,1.1,0.2,41.68,0.09,-38.42,-3.66,-7,1.1,0.3,40.66,0.08,-56.35,-5.21,1
SJD,144,1.3,3.6,32.57,0.25,30.21,3.74,211,1.2,3.7,31.16,0.31,36,53.65,1
SJD,213,1.4,4,31.29,0.31,37.65,-2.31,144,1.3,3.6,32.57,0.25,30.21,3.74,0
SJF,-2,0.2,1,28.17,0.32,-7.55,4.89,28,0.2,1.4,29.63,0.54,0.75,10.19,0
SJF,31,1.1,2.1,27.15,0.42,3.64,56.96,-2,0.2,1,28.17,0.32,-7.55,4.89,0
SJS,122,1.5,0.2,69.44,0.16,3.7,1.27,140,0.9,0.2,66.41,0.1,15.37,-0.09,0
SJS,133,4.4,0.2,68.34,0.11,11.24,-8.38,122,1.5,0.2,69.44,0.16,3.7,1.27,0
SKG,25,0.9,20.6,1.58,0.34,7.57,500,107,0.8,14.9,1.94,0.49,22.35,738.89,0
SKG,-39,1.4,24.6,1.35,0.21,-23.35,81.82,25,0.9,20.6,1.58,0.34,7.57,500,0
SMA,-22,1.1,0.1,61.7,0.17,-51.35,12.27,36,1.2,0.5,54.47,0.26,11.02,11.83,1
SMA,37,1,0.1,51.8,0.2,26.83,18.52,-22,1.1,0.1,61.7,0.17,-51.35,12.27,1
SMB,202,2.3,0.6,38.43,1.5,13.17,70.87,264,2.1,0.3,40.78,1.91,13.57,80.31,0
SMB,202,2.1,0.8,40.88,1.27,13.35,76.24,202,2.3,0.6,38.43,1.5,13.17,70.87,0
SMC,502,0.8,0.7,76.43,2.34,2.01,8.66,299,0.5,0.7,73.74,3.32,0.59,12.37,0
SMC,1264,1.1,0.7,73.14,2.37,4.23,-11.42,502,0.8,0.7,76.43,2.34,2.01,8.66,0
SPM,25,0.2,2.8,27.42,0.58,1.31,-1.04,25,0.2,3.3,25.93,0.48,1.83,-11.32,0
SPM,37,0.3,2.9,26.5,0.66,2.82,2.12,25,0.2,2.8,27.42,0.58,1.31,-1.04,0
SRC,101,1.3,1.2,69.54,0.96,5.49,-1.64,58,1.2,1.5,52.66,1.15,4.43,34.82,0
SRC,63,1.3,0.4,65.02,0.77,4.18,20.3,101,1.3,1.2,69.54,0.96,5.49,-1.64,0
SRF,92,0.9,0.9,72.6,0.76,2.89,0.42,120,0.9,0.9,73.56,0.89,4.22,-1.49,0
SRF,74,1.2,0.8,69.08,0.5,3.66,0.7,92,0.9,0.9,72.6,0.76,2.89,0.42,0
SSC,51,1.8,1.8,29.05,0.94,8.87,34.29,95,2.3,2,30.59,1.29,12.11,31.03,0
SSC,66,1.3,2,27.43,0.6,17.42,48.23,51,1.8,1.8,29.05,0.94,8.87,34.29,0
SSI,4395,5,1.3,72,0.15,36.21,-28.49,2387,3.1,1.1,72.4,0.12,28.76,-47.4,0
ST8,22,0.7,1.6,38.72,2.15,1.4,28.64,33,1.6,1.6,27.37,3.41,1.55,0,0
ST8,20,0.9,1.5,30.87,1.66,1.78,-25.34,22,0.7,1.6,38.72,2.15,1.4,28.64,0
STG,159,1,1.6,29.71,0.87,5.81,29.93,161,1.1,2.2,25.27,0.81,6.7,25.74,0
STG,317,1.6,1.6,29.77,1.08,8.56,32.54,159,1,1.6,29.71,0.87,5.81,29.93,0
STK,180,1.3,0.4,36.47,1.04,8.15,71.82,284,1,0.4,47.71,1.08,9.6,17.31,0
STK,291,3.1,0.7,36.12,1.04,13.61,40.73,180,1.3,0.4,36.47,1.04,8.15,71.82,0
SVC,364,3.6,0.6,59.07,3.77,1.4,36.87,405,0.9,0.4,65.31,3.86,1.28,-1.36,0
SVC,334,2.6,0.5,57.78,3.2,1.49,-5.31,364,3.6,0.6,59.07,3.77,1.4,36.87,0
SVI,193,1.9,1.2,47.93,1.55,8.65,22.41,192,1.7,1.2,48.67,1.88,8.27,54.32,0
SVI,121,1.4,1.2,45.34,1.58,5.01,23,193,1.9,1.2,47.93,1.55,8.65,22.41,0
SVT,33,0.8,40,0.57,0.5,36.36,800,10,0.5,42.8,0,0.61,11.49,1365,0
SVT,35,1.1,38.9,0.54,0.59,31.19,1700,33,0.8,40,0.57,0.5,36.36,800,0
SZC,228,2.4,0.2,71.39,0.1,42.96,19.37,166,1.4,1.3,61.29,0.11,40.73,30.2,0
SZC,404,4.6,0.3,73.91,0.13,45.44,16.96,228,2.4,0.2,71.39,0.1,42.96,19.37,0
SZL,124,1.7,4.3,66.55,0.22,28.41,14.09,127,1,4.6,56.81,0.23,27.76,10.75,0
SZL,124,1.8,2.2,64.91,0.23,26.03,9.3,124,1.7,4.3,66.55,0.22,28.41,14.09,0
TBC,296,1.4,3.6,22.89,0.33,40.9,92.62,173,1.3,2,30.16,0.18,43.1,51.52,0
TBC,271,1.8,2.1,22.74,0.31,42.22,87.99,296,1.4,3.6,22.89,0.33,40.9,92.62,0
TCD,252,2.7,0.8,89.41,0.46,5.15,-3.73,148,2.6,0.4,71.47,0.88,5.58,20.39,0
TCD,498,5,1,77.99,0.54,10.8,2.76,252,2.7,0.8,89.41,0.46,5.15,-3.73,0
TCH,1321,2.1,3.9,24.45,0.42,21.99,-44.55,687,3.7,0.8,45.47,0.21,31.3,39.91,0
TCH,881,1.6,5.7,15.12,0.15,28.87,2.86,1321,2.1,3.9,24.45,0.42,21.99,-44.55,0
TCL,124,1.2,1.6,32.88,1.15,9.17,32.69,124,0.5,2.3,27.14,0.89,10.5,57.79,0
TCL,142,2,1.5,34.72,1.34,9.53,-6.17,124,1.2,1.6,32.88,1.15,9.17,32.69,0
TCM,371,2,0.6,44.96,1.17,7.95,28.92,323,0.8,0.5,51.25,1.25,5.95,35.18,0
TCM,197,2.7,0.5,52.63,0.98,4.07,-4.69,371,2,0.6,44.96,1.17,7.95,28.92,0
TCO,21,1,6.1,9.09,0.77,10.59,55,21,1,7.2,8.41,0.75,9.94,155.56,0
TCO,55,1.5,5.4,17.99,0.64,19.34,-139.71,21,1,6.1,9.09,0.77,10.59,55,0
TCR,-10,0.4,0.6,50,1,-3.37,7.63,36,0.2,0.5,53.3,1.08,0.73,29.02,1
TCR,24,0.8,0.5,51.89,0.96,1.18,5.13,-10,0.4,0.6,50,1,-3.37,7.63,1
TCT,2,1.3,11.3,7.38,0.13,2.33,33.33,84,1.5,12.5,5.98,0.48,37.85,400,0
TCT,2,1.6,25.1,3.57,0.12,5.56,36.36,2,1.3,11.3,7.38,0.13,2.33,33.33,0
TDC,423,1.2,0.1,77.33,0.28,12.66,8.32,432,0.6,0.1,80.14,0.25,9.85,13.35,0
TDC,329,2.2,0.2,75.57,0.32,7.48,-1.09,423,1.2,0.1,77.33,0.28,12.66,8.32,0
TDG,33,0.9,0.9,62.35,2.55,1.1,-3.37,14,0.2,0.9,55.18,1.81,0.12,-7.76,0
TDH,135,0.7,1.1,53.48,0.36,1.17,5.55,295,0.5,0.6,51.96,0.74,4.53,-0.18,0
TDH,-767,3.4,0.6,66.29,0.26,-182.75,-17.12,135,0.7,1.1,53.48,0.36,1.17,5.55,1
TDM,216,1.6,0.5,30.46,0.16,44.82,34.9,253,1.5,1.8,32.94,0.15,58.96,22.35,0
TDM,366,1.8,0.6,23.24,0.17,78.9,61.72,216,1.6,0.5,30.46,0.16,44.82,34.9,0
TDP,175,3.3,0.4,65.52,0.75,5.31,4.59,128,1.4,0.4,65.32,0.74,5.18,-10.07,0
TDP,218,2.2,0.5,73.71,0.89,3.57,0.54,175,3.3,0.4,65.52,0.75,5.31,4.59,0
TDW,50,1.4,0.9,62.83,2.23,3.47,52.82,31,1.3,0.7,60.74,2.25,2.24,36.24,0
TDW,44,1.7,0.9,52.65,2.75,3.08,-3.52,50,1.4,0.9,62.83,2.23,3.47,52.82,0
TEG,13,0.8,1.2,20.53,0.38,3.72,36.21,10,0.8,1.8,20.08,0.3,3.16,67.29,0
TEG,65,1.3,2.1,24.98,0.2,18.8,-63.07,13,0.8,1.2,20.53,0.38,3.72,36.21,0
TGG,-43,0.1,5,6.23,0.04,-430,-6.25,1,0.2,6.3,6.89,0.16,2.04,19.05,0
TGG,118,1.5,1.1,49.88,0.96,12.22,-0.24,-43,0.1,5,6.23,0.04,-430,-6.25,0
THG,214,1.6,0.6,65.98,1.23,9.48,23.54,149,1.3,0.7,67.87,1.04,8.34,18.51,0
THG,176,2.4,0.7,65.87,0.85,9.78,9.85,214,1.6,0.6,65.98,1.23,9.48,23.54,0
THI,297,1.1,1,59.17,0.86,5.65,17.03,322,1.1,0.9,61.02,0.94,5.76,-28.96,0
THI,204,1,0.7,55.51,0.74,3.86,8.21,297,1.1,1,59.17,0.86,5.65,17.03,0
TIP,172,4.5,1.4,40.12,0.26,52.87,40.49,114,1.1,2.5,36.29,0.27,41.47,29.83,0
TIP,125,3.9,6,27.71,0.26,37.65,61.65,172,4.5,1.4,40.12,0.26,52.87,40.49,0
TIX,110,1.1,3.7,32.04,0.17,49.19,30.14,109,1,3.5,30.68,0.19,42.44,16.37,0
TIX,154,1.2,5.3,30.97,0.22,46.62,27.79,110,1.1,3.7,32.04,0.17,49.19,30.14,0
TLD,28,0.9,1.3,29.55,0.6,5.32,-24.86,19,0.9,0.7,51.8,0.72,4.14,8.2,0
TLD,26,2.1,1.6,27.11,0.66,4.35,15.88,28,0.9,1.3,29.55,0.6,5.32,-24.86,0
TLG,316,1.6,2.3,24.45,1.16,8.94,65.19,448,1.5,2.3,25.24,1.35,10.73,42.3,0
TLG,366,1.8,2,25.39,1.09,10.38,35.59,316,1.6,2.3,24.45,1.16,8.94,65.19,0
TLH,176,0.5,0.4,46.65,1.47,1.93,31.92,-62,0.3,0.4,59.11,1.51,-2.71,-10.32,0
TLH,604,1,0.4,54.28,1.11,9.82,-18.8,176,0.5,0.4,46.65,1.47,1.93,31.92,0
TMP,236,1.6,7,22.89,0.22,41.31,51.94,485,1.4,7.6,15.48,0.38,56.61,101.09,0
TMP,463,2.5,4.8,29.55,0.38,48.13,59.35,236,1.6,7,22.89,0.22,41.31,51.94,0
TMS,408,1.6,1.3,40.13,0.87,9.42,17.86,322,1,1.3,41.18,0.71,9.62,6.97,0
TMS,751,2.6,1.5,39.13,1.11,9.73,0.62,408,1.6,1.3,40.13,0.87,9.42,17.86,0
TMT,66,0.4,0.2,75.51,1.02,0.11,33.67,74,0.5,0.2,73.85,0.85,0.3,4.17,0
TMT,96,1.4,0.3,85.29,0.81,1.63,-4.81,66,0.4,0.2,75.51,1.02,0.11,33.67,0
TN1,152,3.2,1.3,63.46,0.34,19.64,2.75,146,3.3,1.5,46.96,0.91,19.68,30.38,0
TN1,147,1.7,1.7,46.92,0.45,15.02,-71.92,152,3.2,1.3,63.46,0.34,19.64,2.75,0
TNA,145,1,0.6,73.46,2.46,0.82,-15.86,239,1.6,0.7,68.02,2.65,2.87,1.43,0
TNA,117,1.4,0.6,75.32,2.33,0.35,5.17,145,1,0.6,73.46,2.46,0.82,-15.86,0
TNC,57,1.6,8.2,10.16,0.14,101.85,20.51,39,0.9,9.6,7.91,0.17,63.33,-75,0
TNC,42,2,4.8,12.18,0.18,55.71,-21.28,57,1.6,8.2,10.16,0.14,101.85,20.51,0
TNI,29,0.3,1.8,45.71,1.34,0,-15.15,46,0.9,1.2,55.64,1.39,1.03,-5.95,1
TNI,7,0.8,1.4,49.16,1.69,-0.84,-17.36,29,0.3,1.8,45.71,1.34,0,-15.15,1
TNT,-3,0.4,2.5,24.08,0.04,-23.08,-1.18,7,0.3,4.4,10.86,0.58,1.14,-54.55,0
TNT,37,1.8,14.7,5.8,1.09,4.68,-335.29,-3,0.4,2.5,24.08,0.04,-23.08,-1.18,0
TPC,35,0.6,0.8,51.64,1.24,2.53,19.61,34,0.5,0.8,49.7,1.17,2.69,22.05,0
TPC,25,0.7,0.7,55.01,1.2,1.67,4.13,35,0.6,0.8,51.64,1.24,2.53,19.61,0
TRA,278,2.5,1.5,28.95,1.16,11.37,72.38,233,2.2,1.5,28.82,1.09,10,47.9,0
TRA,336,3.1,1.6,25.78,1.27,12.22,65.91,278,2.5,1.5,28.95,1.16,11.37,72.38,0
TRC,112,0.7,2.5,21.23,0.18,25.41,4.04,99,0.6,2.3,22.21,0.17,24.85,-8.7,0
TRC,119,0.8,1.8,20.97,0.21,23.26,5.07,112,0.7,2.5,21.23,0.18,25.41,4.04,0
TSC,22,0.4,6.1,7.88,0.23,3.7,18.47,8,0.3,3,6.18,0.21,0.24,18.33,0
TSC,141,1.7,3.5,12.55,0.22,25.53,-11.07,22,0.4,6.1,7.88,0.23,3.7,18.47,0
TTA,350,1.4,0.4,62.98,0.14,20.12,10.89,307,1.6,0.2,65.02,0.11,26.01,13.68,0
TTB,28,1.1,1.2,60.8,0.36,2.4,6.26,54,0.4,1.5,56.61,0.42,6.36,6.3,0
TTB,22,2.1,0.7,60.86,0.96,0.52,26.86,28,1.1,1.2,60.8,0.36,2.4,6.26,0
TTE,40,1.1,0.5,71.43,0.12,-29.2,-1.48,89,1.2,0.8,67.96,0.18,6.7,9.69,0
TTE,95,2,1,72.7,0.13,19.58,9.89,40,1.1,0.5,71.43,0.12,-29.2,-1.48,0
TTF,134,-5.3,0.3,126.1,0.54,1.48,-6.02,-888,-1.8,0.3,129.4,0.34,-139.11,0.79,0
TTF,58,9.5,0.5,83.97,0.57,0.19,-10.62,134,-5.3,0.3,126.1,0.54,1.48,-6.02,0
TV2,331,2.4,1.5,65.02,1,7.83,23.14,322,2,1.2,60.11,1.42,7.68,-14.61,0
TV2,344,2.3,1.1,69.19,0.81,7.5,-8.83,331,2.4,1.5,65.02,1,7.83,23.14,0
TVB,393,1.9,6.9,24.04,0.24,69.59,-91.24,108,1.8,6.8,37.25,0.16,46.15,-24.86,0
TVS,734,3.8,1.3,75.58,0.14,49.62,-9.63,397,1.1,1.5,66.56,0.16,36.69,-20.36,0
TVT,132,0.9,0.8,63.26,1.15,4.09,33.1,148,0.8,0.6,64.07,1.32,4.17,19.71,0
TVT,142,1,0.8,54.71,1.06,5.96,15.24,132,0.9,0.8,63.26,1.15,4.09,33.1,0
TYA,103,0.9,1.3,46.41,1.86,4.35,35.75,126,0.7,1.1,47.59,2.06,4.73,-15.17,0
TYA,97,1.1,0.8,59.79,1.75,3.15,-26.82,103,0.9,1.3,46.41,1.86,4.35,35.75,0
UDC,24,0.6,0.6,63.9,0.39,-2.1,-3.28,40,0.4,0.5,61.41,0.38,1,3.67,1
UDC,6,1.1,0.6,64.44,0.29,-6.93,9.32,24,0.6,0.6,63.9,0.39,-2.1,-3.28,1
UIC,75,1.2,0.9,43.33,5.12,2.3,27.6,76,0.9,1.1,38.89,5.88,2.18,45.05,0
UIC,70,1.4,1.2,25.45,5.52,2.22,50.88,75,1.2,0.9,43.33,5.12,2.3,27.6,0
VAF,27,0.8,1.6,22.15,1.27,2.95,9.23,18,0.8,1.3,22.38,1.39,1.51,-49.22,1
VAF,35,1,1.2,30.43,1.26,3.34,76.85,27,0.8,1.6,22.15,1.27,2.95,9.23,0
VCA,53,0.9,0.5,58.38,4.51,1.38,-73.37,33,0.6,1.2,29.07,6.9,0.97,331.87,0
VCF,915,3.6,2.2,29.69,1.36,24.85,247.39,810,2.9,1.9,35.19,1.39,21.89,84.16,0
VCF,554,4.9,1.9,35.1,1.14,19.35,86.68,915,3.6,2.2,29.69,1.36,24.85,247.39,0
VCG,2382,2.9,1.2,63.47,0.28,30.44,-0.2,1232,1.7,1.3,59.94,0.49,8.28,-12.89,0
VCG,1225,3.3,1.2,75.37,0.19,9.05,1.69,2382,2.9,1.2,63.47,0.28,30.44,-0.2,0
VCI,2182,3.6,1.7,60.68,0.22,40.44,-37.15,1125,2.1,2.2,46.06,0.21,44.45,-14.81,0
VDP,72,0.9,1.1,39.29,0.77,7.29,-4.55,62,1.1,1.4,35.9,0.93,7.11,-13.03,0
VDP,90,1,0.9,43.31,0.76,7.64,-7.61,72,0.9,1.1,39.29,0.77,7.29,-4.55,0
VDS,534,3,1.7,59.19,0.25,41.78,-41.22,193,1.2,1.8,54.63,0.18,33.04,5.7,0
VFG,220,1.1,0.9,47.39,1.02,8.65,-11.58,191,1.4,0.7,60.18,0.91,6.86,23.73,1
VFG,210,1.2,1.1,46.72,1.1,7.95,87.88,220,1.1,0.9,47.39,1.02,8.65,-11.58,0
VGC,1002,1.7,0.5,67.06,0.44,7.07,19.39,1139,1.2,0.7,64.53,0.51,7.48,29.56,0
VGC,1702,3.1,0.5,62.01,0.51,11.43,35.15,1002,1.7,0.5,67.06,0.44,7.07,19.39,0
VHC,841,1.4,1.7,28.13,0.98,10.22,19.35,1369,1.4,1.9,26.24,1.19,14.99,85.82,0
VHC,1315,1.9,1.4,32.66,1.04,12.23,11.63,841,1.4,1.7,28.13,0.98,10.22,19.35,0
VHM,39519,3.4,0.6,58.61,0.33,39.42,19.72,32124,5,0.7,67.19,0.26,47.11,39.18,0
VHM,50531,2.8,0.9,42.99,0.37,45.83,17.23,39519,3.4,0.6,58.61,0.33,39.42,19.72,0
VIC,25345,4.6,0.6,67.85,0.26,4.11,5.57,22784,5.1,0.6,70.13,0.32,5.93,5.64,1
VIC,13435,3.6,0.8,62.75,0.29,-6.01,-5.28,25345,4.6,0.6,67.85,0.26,4.11,5.57,0
VID,68,0.6,0.8,45.36,1.15,3.67,23.49,44,0.3,0.9,47.08,1.16,1.61,-6.32,0
VID,95,0.9,0.7,53.46,0.91,6.11,-3.52,68,0.6,0.8,45.36,1.15,3.67,23.49,0
VIP,96,0.4,2.2,31.09,0.32,12.38,9.44,67,0.3,3.2,24.5,0.43,5.8,53.69,0
VIP,45,0.7,3.6,26.43,0.46,1.47,41.13,96,0.4,2.2,31.09,0.32,12.38,9.44,0
VIS,547,2.3,0.7,81.6,1.41,0.74,-12.79,-137,2.2,1,80.76,1.77,-4.77,14.16,1
VIX,957,3.5,10.5,20.47,0.33,46.88,-188.33,432,3.4,16.5,17.3,0.34,45.68,-26.23,0
VJC,209,4.5,1.2,66.86,0.4,0.38,-10.62,4920,5.3,1.2,69.5,1.04,7.52,-5.97,0
VJC,985,4.1,1.7,67.37,0.25,0.62,-18.83,209,4.5,1.2,66.86,0.4,0.38,-10.62,0
VMD,58,0.9,0.5,95.62,2.18,0.2,2.14,67,1,0.4,96.24,2.03,0.18,0.98,0
VMD,46,1.6,0.5,92.8,2.23,0.17,-11.93,58,0.9,0.5,95.62,2.18,0.2,2.14,0
VND,3394,4,1.4,73.52,0.16,39.46,-48.98,1231,2.3,1.2,74.5,0.14,32.46,-18.96,0
VNE,26,0.5,0.9,52.51,0.62,1.08,8.64,30,0.3,1.3,31.52,0.86,0.81,1.77,0
VNE,49,1.3,0.6,70.63,0.57,0.45,11.83,26,0.5,0.9,52.51,0.62,1.08,8.64,0
VNG,88,1.4,1.3,46.88,0.21,4.56,1.28,108,1.9,0.6,50.7,0.43,4.04,6.08,0
VNG,73,1.2,1,51.31,0.08,1.65,-14.92,88,1.4,1.3,46.88,0.21,4.56,1.28,0
VNL,29,0.6,2.1,45.16,2.98,1.91,2.2,23,0.5,2.8,37.83,2.64,2.11,19.38,0
VNL,47,1,2.2,46.06,3.61,2.6,0.53,29,0.6,2.1,45.16,2.98,1.91,2.2,0
VNM,13663,6.6,1.7,30.53,1.23,18.84,68.85,12905,6.9,1.4,33.49,1.26,18.74,76.22,0
VNM,13011,5.1,1.7,32.78,1.14,17.45,53.95,13663,6.6,1.7,30.53,1.23,18.84,68.85,0
VNS,-175,0.5,1.6,27.89,0.49,-20.97,18.64,181,0.4,0.9,35.51,0.76,5.47,51.71,1
VNS,-259,0.6,2.7,23.22,0.31,-57.11,4.38,-175,0.5,1.6,27.89,0.49,-20.97,18.64,0
VOS,-65,0.6,0.8,81.8,0.46,-14.64,1.53,143,0.3,0.6,77.34,0.49,3.31,10.07,1
VOS,607,2.6,1.4,63.27,0.52,34.41,40.79,-65,0.6,0.8,81.8,0.46,-14.64,1.53,1
VPD,175,1.2,0.7,41.32,0.21,17.58,21.05,194,1.2,0.2,45.37,0.21,20.04,30.49,0
VPD,259,1.3,0.6,34.07,0.28,28.82,49.65,175,1.2,0.7,41.32,0.21,17.58,21.05,0
VPG,136,1.8,1,66.6,1.5,3.78,4.36,105,2.4,0.7,81.89,1.2,2.39,-19.89,0
VPG,563,4.6,1,61.7,1.62,10.9,18.76,136,1.8,1,66.6,1.5,3.78,4.36,0
VPH,52,0.4,1,50.29,0.13,5.2,-15.32,54,0.4,1.3,43.04,0.09,18.4,21.25,1
VPH,144,1.1,1.2,47.93,0.14,28.52,-8.44,52,0.4,1,50.29,0.13,5.2,-15.32,0
VPI,592,2.7,1,69.51,0.22,14.18,25.35,795,2.7,1.2,70.01,0.34,16.72,-12.12,0
VPI,496,3.7,0.9,65.49,0.27,13.18,8.37,592,2.7,1,69.51,0.22,14.18,25.35,0
VPS,21,1,1.5,33.4,1,2.76,24.85,23,0.7,1.3,38.05,1.12,2.3,14.49,0
VPS,22,1.1,1.7,29.6,1.16,2.72,40,21,1,1.5,33.4,1,2.76,24.85,0
VRC,1,0.5,0.2,25.1,0.01,0,-69.27,33,0.9,0.2,24.72,0.01,227.27,-85.75,0
VRE,3457,2.4,1.8,26.32,0.21,28.6,38.37,3875,2.9,0.9,24.79,0.26,30.8,35.42,0
VRE,2178,2.2,2.2,19.07,0.16,22.32,23.61,3457,2.4,1.8,26.32,0.21,28.6,38.37,0
VSC,336,1.9,3,11.68,0.69,17.53,184.32,357,0.9,2.4,13.5,0.75,15.95,138.08,0
VSC,483,1.8,5.3,8.27,0.58,21.88,238.89,336,1.9,3,11.68,0.69,17.53,184.32,0
VSH,237,1.2,0.2,65.58,0.04,55.13,3.7,179,1.6,0.4,65.2,0.04,39.75,3.2,0
VSH,774,1.6,0.7,59.96,0.16,24.02,12.55,237,1.2,0.2,65.58,0.04,55.13,3.7,0
VSI,48,0.9,1.1,68.8,0.44,6.57,12.17,50,1.3,1.2,69.13,0.65,5.19,0,0
VSI,78,1.2,1.9,59.51,0.48,19.46,5.33,48,0.9,1.1,68.8,0.44,6.57,12.17,0
VTB,34,0.6,1,31.05,1.5,5.88,46.32,22,0.8,1,38.25,1.08,4.44,5.51,0
VTB,9,0.7,1.7,26.39,1.22,2.45,109.86,34,0.6,1,31.05,1.5,5.88,46.32,0
VTO,123,0.5,1.2,38.35,0.65,6,41.46,163,0.4,0.9,41.3,0.77,6.53,37.87,0
VTO,188,0.8,1.8,34.62,0.54,13.64,38.82,123,0.5,1.2,38.35,0.65,6,41.46,0
YBM,31,0.7,0.9,58.94,1.13,3.04,13.62,31,0.5,0.8,58.95,1.02,3.05,13.36,0
YEG,-164,1.7,2,36.46,0.88,-14.77,-84.75,-369,1.2,2.2,32.61,0.96,-26.38,-79.55,0
YEG,120,0.9,2.7,36.08,0.79,2.78,-17.78,-164,1.7,2,36.46,0.88,-14.77,-84.75,0